Nome do funcionário,IDFuncionario,IDCasado,IDStatusConjulgal,IDGenero,IDStatusFuncionario,IDepartamento,IDPontuacaoDesempenho,IDRecrutamentoDiversidade, Salario ,IDesligado,IDCargo,Cargo,Estado,CEP,ANIV,Sexo,EstadoCivil,Cidadania,Latino,Raca,Data Contratação,Data Rescisão,MotivRecisao,SituaçãoEmprego,Departamento,Nome Gestor,IDGestor,Fonte de recrutamento,Avaliacao Desempenho,Pesquisa Engajamento,Satisfação Funcionario,Contagem de Projetos Especiais,DataUltimoFeedback,UltimoAtrasoUltimos30dias,Ausências
"Adinolfi, Wilson  K",10026,0,0,1,1,5,4,0," $62.506,00 ",0,19,Técnico de Produção I,MA,1960,07/10/83,H ,Solteiro,Cidadão americano,Não,Branco,7/5/2011,N/A,N/A - Ainda empregado,Ativo,Produção,Michael Albert,22,LinkedIn,Excede,460,Muito Satisfeito ,0,1/17/2019,0,1
"Ait Sidi, Karthikeyan   ",10084,1,1,1,5,3,3,0," $104.437,00 ",1,27,Sr. DBA,MA,2148,05/05/75,H ,Casado,Cidadão americano,Não,Branco,3/30/2015,6/16/2016,Mudança de carreira,Rescindido voluntariamente,T.I,Simon Roup,4,Indeed,Atende totalmente,496,Neutro ,6,2/24/2016,0,17
"Akinkuolie, Sarah",10196,1,1,0,5,5,3,0," $64.955,00 ",1,20,Técnico de Produção II,MA,1810,09/19/88,M,Casado,Cidadão americano,Não,Branco,7/5/2011,9/24/2012,Horas,Rescindido voluntariamente,Produção,Kissy Sullivan,20,LinkedIn,Atende totalmente,302,Neutro ,0,5/15/2012,0,3
"Alagbe,Trina",10088,1,1,0,1,5,3,0," $64.991,00 ",0,19,Técnico de Produção I,MA,1886,09/27/88,M,Casado,Cidadão americano,Não,Branco,1/7/2008,N/A,N/A - Ainda empregado,Ativo,Produção,Elijiah Gray,16,Indeed,Atende totalmente,484,Muito Satisfeito ,0,1/3/2019,0,15
"Anderson, Carol ",10069,0,2,0,5,5,3,0," $50.825,00 ",1,19,Técnico de Produção I,MA,2169,09/08/89,M,Divorciado,Cidadão americano,Não,Branco,7/11/2011,9/6/2016,Retorno à escola,Rescindido voluntariamente,Produção,Webster Butler,39,Pesquisa Google,Atende totalmente,500,Satisfeito ,0,2/1/2016,0,2
"Anderson, Linda  ",10002,0,0,0,1,5,4,0," $57.568,00 ",0,19,Técnico de Produção I,MA,1844,05/22/77,M,Solteiro,Cidadão americano,Não,Branco,1/9/2012,N/A,N/A - Ainda empregado,Ativo,Produção,Amy Dunn,11,LinkedIn,Excede,500,Muito Satisfeito ,0,1/7/2019,0,15
"Andreola, Colby",10194,0,0,0,1,4,3,0," $95.660,00 ",0,24,Engenheiro de software,MA,2110,05/24/79,M,Solteiro,Cidadão americano,Não,Branco,11/10/2014,N/A,N/A - Ainda empregado,Ativo,Engenharia de Software,Alex Sweetwater,10,LinkedIn,Atende totalmente,304,Neutro ,4,1/2/2019,0,19
"Athwal, Sam",10062,0,4,1,1,5,3,0," $59.365,00 ",0,19,Técnico de Produção I,MA,2199,02/18/83,H ,Viúva,Cidadão americano,Não,Branco,9/30/2013,N/A,N/A - Ainda empregado,Ativo,Produção,Ketsia Liebig,19,Indicação de funcionários,Atende totalmente,500,Satisfeito ,0,2/25/2019,0,19
"Bachiochi, Linda",10114,0,0,0,3,5,3,1," $47.837,00 ",0,19,Técnico de Produção I,MA,1902,02/11/70,M,Solteiro,Cidadão americano,Não,Negro ou afro-americano,7/6/2009,N/A,N/A - Ainda empregado,Ativo,Produção,Brannon Miller,12,Feira de Empregos de Diversidade,Atende totalmente,446,Neutro ,0,1/25/2019,0,4
"Bacong, Alejandro ",10250,0,2,1,1,3,3,0," $50.178,00 ",0,14,Suporte de TI,MA,1886,01/07/88,H ,Divorciado,Cidadão americano,Não,Branco,1/5/2015,N/A,N/A - Ainda empregado,Ativo,T.I,Peter Monroe,7,Indeed,Atende totalmente,500,Muito Satisfeito ,6,2/18/2019,0,16
"Baczenski, Rachael  ",10252,1,1,0,5,5,3,1," $54.670,00 ",1,19,Técnico de Produção I,MA,1902,01/12/74,M,Casado,Cidadão americano,Sim,Negro ou afro-americano,1/10/2011,1/12/2017,Outra posição,Rescindido voluntariamente,Produção,David Stanley,14,Feira de Empregos de Diversidade,Atende totalmente,420,Satisfeito ,0,1/30/2016,0,12
"Barbara, Thomas",10242,1,1,1,5,5,3,1," $47.211,00 ",1,19,Técnico de Produção I,MA,2062,02/21/74,H ,Casado,Cidadão americano,Sim,Negro ou afro-americano,4/2/2012,9/19/2016,infeliz,Rescindido voluntariamente,Produção,Kissy Sullivan,20,Feira de Empregos de Diversidade,Atende totalmente,420,Neutro ,0,5/6/2016,0,15
"Barbossa, Hector",10012,0,2,1,1,3,4,1," $92.328,00 ",0,9,Analista de Dados,TX,78230,07/04/88,H ,Divorciado,Cidadão americano,Não,Negro ou afro-americano,11/10/2014,N/A,N/A - Ainda empregado,Ativo,T.I,Simon Roup,4,Feira de Empregos de Diversidade,Excede,428,Satisfeito ,5,2/25/2019,0,9
"Barone, Francesco  A",10265,0,0,1,1,5,3,0," $58.709,00 ",0,19,Técnico de Produção I,MA,1810,07/20/83,H ,Solteiro,Cidadão americano,Não,Duas ou mais corridas,2/20/2012,N/A,N/A - Ainda empregado,Ativo,Produção,Kelley Spirea,18,Pesquisa Google,Atende totalmente,460,Satisfeito ,0,2/14/2019,0,7
"Barton, Nader",10066,0,2,1,5,5,3,0," $52.505,00 ",1,19,Técnico de Produção I,MA,2747,07/15/77,H ,Divorciado,Cidadão americano,Não,Branco,9/24/2012,4/6/2017,Outra posição,Rescindido voluntariamente,Produção,Michael Albert,22,Aplicativo Web on-line,Atende totalmente,500,Muito Satisfeito ,0,3/2/2017,0,1
"Bates, Norman",10061,0,0,1,4,5,3,0," $57.834,00 ",1,19,Técnico de Produção I,MA,2050,10/18/81,H ,Solteiro,Cidadão americano,Não,Branco,2/21/2011,8/4/2017,assiduidade,Rescindido por justa causa,Produção,Kelley Spirea,18,Pesquisa Google,Atende totalmente,500,Satisfeito ,0,4/5/2017,0,20
"Beak, Kimberly  ",10023,1,1,0,2,5,4,0," $70.131,00 ",0,20,Técnico de Produção II,MA,2145,04/17/66,M,Casado,Cidadão americano,Não,Branco,7/21/2016,N/A,N/A - Ainda empregado,Ativo,Produção,Kelley Spirea,18,Indicação de funcionários,Excede,440,Neutro ,0,1/14/2019,0,16
"Beatrice, Courtney ",10055,0,0,0,1,5,3,0," $59.026,00 ",0,19,Técnico de Produção I,MA,1915,10/27/70,M,Solteiro,Não cidadão elegível,Não,Branco,4/4/2011,N/A,N/A - Ainda empregado,Ativo,Produção,Elijiah Gray,16,Pesquisa Google,Atende totalmente,500,Muito Satisfeito ,0,1/14/2019,0,12
"Becker, Renee",10245,0,0,0,4,3,3,0," $110.000,00 ",1,8,Administrador de Banco de Dados,MA,2026,04/04/86,M,Solteiro,Cidadão americano,Sim,Branco,7/7/2014,9/12/2015,desempenho,Rescindido por justa causa,T.I,Simon Roup,4,Pesquisa Google,Atende totalmente,450,Satisfeito ,5,1/15/2015,0,8
"Becker, Scott",10277,0,0,1,3,5,3,0," $53.250,00 ",0,19,Técnico de Produção I,MA,2452,04/06/79,H ,Solteiro,Cidadão americano,Não,Asiático,7/8/2013,N/A,N/A - Ainda empregado,Ativo,Produção,Webster Butler,,LinkedIn,Atende totalmente,420,Satisfeito ,0,1/11/2019,0,13
"Bernstein, Sean",10046,0,0,1,1,5,3,0," $51.044,00 ",0,19,Técnico de Produção I,MA,2072,12/22/70,H ,Solteiro,Cidadão americano,Sim,Branco,4/2/2012,N/A,N/A - Ainda empregado,Ativo,Produção,Amy Dunn,11,Pesquisa Google,Atende totalmente,500,Neutro ,0,1/14/2019,0,13
"Biden, Lowan  M",10226,0,2,0,1,5,3,0," $64.919,00 ",0,19,Técnico de Produção I,MA,2027,12/27/58,M,Divorciado,Cidadão americano,Não,Asiático,8/19/2013,N/A,N/A - Ainda empregado,Ativo,Produção,Ketsia Liebig,19,Indeed,Atende totalmente,420,Neutro ,0,1/10/2019,0,2
"Billis, Helen",10003,1,1,0,1,5,4,0," $62.910,00 ",0,19,Técnico de Produção I,MA,2031,09/01/89,M,Casado,Cidadão americano,Não,Branco,7/7/2014,N/A,N/A - Ainda empregado,Ativo,Produção,Brannon Miller,12,Indeed,Excede,500,Neutro ,0,2/27/2019,0,19
"Blount, Dianna",10294,0,0,0,1,5,2,0," $66.441,00 ",0,20,Técnico de Produção II,MA,2171,09/21/90,M,Solteiro,Cidadão americano,Não,Branco,4/4/2011,N/A,N/A - Ainda empregado,Ativo,Produção,Michael Albert,22,Construtor de Carreira,Precisa de melhorias,200,Neutro ,0,2/27/2019,2,3
"Bondwell, Betsy",10267,0,0,0,5,5,3,0," $57.815,00 ",1,20,Técnico de Produção II,MA,2210,01/16/67,M,Solteiro,Cidadão americano,Não,Branco,1/10/2011,4/4/2014,Mudança de carreira,Rescindido voluntariamente,Produção,Elijiah Gray,16,Pesquisa Google,Atende totalmente,480,Muito Satisfeito ,0,3/4/2014,0,5
"Booth, Frank",10199,0,0,1,4,3,3,0," $103.613,00 ",1,30,Arquiteto Corporativo,CT,6033,07/30/64,H ,Solteiro,Cidadão americano,Não,Negro ou afro-americano,2/17/2014,2/19/2016,Aprendeu que ele é um gângster,Rescindido por justa causa,T.I,Simon Roup,4,LinkedIn,Atende totalmente,350,Muito Satisfeito ,7,1/10/2016,0,2
"Boutwell, Bonalyn",10081,1,1,0,1,1,3,1," $106.367,00 ",0,26,Contador Sênior,MA,2468,04/04/87,M,Casado,Cidadão americano,Não,Negro ou afro-americano,2/16/2015,N/A,N/A - Ainda empregado,Ativo,Escritórios administrativos,Brandon R. LeBlanc,3,Feira de Empregos de Diversidade,Atende totalmente,500,Satisfeito ,3,2/18/2019,0,4
"Bozzi, Charles",10175,0,0,1,5,5,3,0," $74.312,00 ",1,18,Gerente de Produção,MA,1901,03/10/70,H ,Solteiro,Cidadão americano,Não,Asiático,9/30/2013,8/7/2014,Aposentar,Rescindido voluntariamente,Produção,Janet King,2,Indeed,Atende totalmente,339,Neutro ,0,2/20/2014,0,14
"Brill, Donna",10177,1,1,0,5,5,3,0," $53.492,00 ",1,19,Técnico de Produção I,MA,1701,08/24/90,M,Casado,Cidadão americano,Não,Branco,4/2/2012,6/15/2013,Outra posição,Rescindido voluntariamente,Produção,David Stanley,14,Pesquisa Google,Atende totalmente,335,Satisfeito ,0,3/4/2013,0,6
"Brown, Mia",10238,1,1,0,1,1,3,1," $63.000,00 ",0,1,Contabilista I,MA,1450,11/24/87,M,Casado,Cidadão americano,Não,Negro ou afro-americano,10/27/2008,N/A,N/A - Ainda empregado,Ativo,Escritórios administrativos,Brandon R. LeBlanc,1,Feira de Empregos de Diversidade,Atende totalmente,450,Insatisfeito,6,1/15/2019,0,14
"Buccheri, Joseph  ",10184,0,0,1,1,5,3,0," $65.288,00 ",0,20,Técnico de Produção II,MA,1013,07/28/83,H ,Solteiro,Cidadão americano,Não,Branco,9/29/2014,N/A,N/A - Ainda empregado,Ativo,Produção,Webster Butler,,Pesquisa Google,Atende totalmente,319,Neutro ,0,2/1/2019,0,9
"Bugali, Josephine ",10203,0,3,0,3,5,3,1," $64.375,00 ",0,19,Técnico de Produção I,MA,2043,10/30/69,M,Separado,Cidadão americano,Não,Negro ou afro-americano,11/11/2013,N/A,N/A - Ainda empregado,Ativo,Produção,Kissy Sullivan,20,Feira de Empregos de Diversidade,Atende totalmente,350,Muito Satisfeito ,0,1/21/2019,0,17
"Bunbury, Jessica",10188,1,1,0,5,6,3,0," $74.326,00 ",1,3,Gerente de Vendas da Área,VA,21851,06/01/64,M,Casado,Não cidadão elegível,Não,Negro ou afro-americano,8/15/2011,8/2/2014,Outra posição,Rescindido voluntariamente,Venda,John Smith,17,Pesquisa Google,Atende totalmente,314,Muito Satisfeito ,0,2/10/2013,1,19
"Burke, Joelle",10107,0,0,0,1,5,3,0," $63.763,00 ",0,20,Técnico de Produção II,MA,2148,03/02/80,M,Solteiro,Cidadão americano,Não,Negro ou afro-americano,3/5/2012,N/A,N/A - Ainda empregado,Ativo,Produção,Amy Dunn,11,Indicação de funcionários,Atende totalmente,451,Satisfeito ,0,2/21/2019,0,3
"Burkett, Benjamin ",10181,1,1,1,1,5,3,0," $62.162,00 ",0,20,Técnico de Produção II,MA,1890,08/19/77,H ,Casado,Cidadão americano,Não,Branco,4/4/2011,N/A,N/A - Ainda empregado,Ativo,Produção,Ketsia Liebig,19,Indeed,Atende totalmente,325,Muito Satisfeito ,0,1/14/2019,0,15
"Cady, Max ",10150,0,0,1,1,4,3,0," $77.692,00 ",0,25,Gerente de Engenharia de Software,MA,2184,11/22/66,H ,Solteiro,Cidadão americano,Não,Branco,8/15/2011,N/A,N/A - Ainda empregado,Ativo,Engenharia de Software,Jennifer Zamora,5,Pesquisa Google,Atende totalmente,384,Neutro ,5,1/21/2019,0,4
"Candie, Calvin",10001,0,0,1,1,5,4,0," $72.640,00 ",0,18,Gerente de Produção,MA,2169,08/09/83,H ,Solteiro,Cidadão americano,Não,Branco,1/28/2016,N/A,N/A - Ainda empregado,Ativo,Produção,Janet King,2,Indeed,Excede,500,Neutro ,0,2/22/2019,0,14
"Carabbio, Judith",10085,0,0,0,1,4,3,0," $93.396,00 ",0,24,Engenheiro de software,MA,2132,04/05/87,M,Solteiro,Cidadão americano,Não,Branco,11/11/2013,N/A,N/A - Ainda empregado,Ativo,Engenharia de Software,Alex Sweetwater,10,Indeed,Atende totalmente,496,Satisfeito ,6,1/30/2019,0,3
"Carey, Michael  ",10115,0,0,1,1,5,3,0," $52.846,00 ",0,19,Técnico de Produção I,MA,1701,02/02/83,H ,Solteiro,Cidadão americano,Não,Negro ou afro-americano,3/31/2014,N/A,N/A - Ainda empregado,Ativo,Produção,Kelley Spirea,18,LinkedIn,Atende totalmente,443,Neutro ,0,2/1/2019,0,14
"Carr, Claudia  N",10082,0,0,0,2,3,3,0," $100.031,00 ",0,27,Sr. DBA,MA,1886,06/06/86,M,Solteiro,Cidadão americano,Não,Negro ou afro-americano,6/30/2016,N/A,N/A - Ainda empregado,Ativo,T.I,Simon Roup,4,LinkedIn,Atende totalmente,500,Muito Satisfeito ,6,2/18/2019,0,7
"Carter, Michelle ",10040,0,0,0,1,6,3,0," $71.860,00 ",0,3,Gerente de Vendas da Área,VT,5664,05/15/63,M,Solteiro,Cidadão americano,Não,Branco,8/18/2014,N/A,N/A - Ainda empregado,Ativo,Venda,John Smith,17,Indeed,Atende totalmente,500,Muito Satisfeito ,0,1/21/2019,0,7
"Chace, Beatrice ",10067,0,0,0,1,5,3,0," $61.656,00 ",0,19,Técnico de Produção I,MA,2763,01/02/51,M,Solteiro,Cidadão americano,Não,Branco,9/29/2014,N/A,N/A - Ainda empregado,Ativo,Produção,Michael Albert,22,Pesquisa Google,Atende totalmente,500,Satisfeito ,0,2/12/2019,0,11
"Champaigne, Brian",10108,1,1,1,1,3,3,0," $110.929,00 ",0,5,Diretor de BI,MA,2045,02/09/72,H ,Casado,Cidadão americano,Não,Branco,9/6/2016,N/A,N/A - Ainda empregado,Ativo,T.I,Jennifer Zamora,5,Indeed,Atende totalmente,450,Muito Satisfeito ,7,1/15/2019,0,8
"Chan, Lin",10210,0,0,0,1,5,3,0," $54.237,00 ",0,19,Técnico de Produção I,MA,2170,02/12/79,M,Solteiro,Cidadão americano,Não,Branco,5/12/2014,N/A,N/A - Ainda empregado,Ativo,Produção,Elijiah Gray,16,Indeed,Atende totalmente,330,Satisfeito ,0,2/19/2019,0,11
"Chang, Donovan  E",10154,0,0,1,1,5,3,0," $60.380,00 ",0,19,Técnico de Produção I,MA,1845,08/24/83,H ,Solteiro,Cidadão americano,Não,Branco,7/8/2013,N/A,N/A - Ainda empregado,Ativo,Produção,Webster Butler,,LinkedIn,Atende totalmente,380,Muito Satisfeito ,0,1/14/2019,0,4
"Chigurh, Anton",10200,0,0,1,1,6,3,0," $66.808,00 ",0,3,Gerente de Vendas da Área,TX,78207,06/11/70,H ,Solteiro,Não cidadão elegível,Não,Negro ou afro-americano,5/14/2012,N/A,N/A - Ainda empregado,Ativo,Venda,Lynn Daneault,21,Indicação de funcionários,Atende totalmente,300,Muito Satisfeito ,0,1/19/2019,0,17
"Chivukula, Enola",10240,0,0,0,5,5,3,0," $64.786,00 ",1,19,Técnico de Produção I,MA,1775,08/27/83,M,Solteiro,Cidadão americano,Não,Branco,6/27/2011,11/15/2015,realocação fora da área,Rescindido voluntariamente,Produção,Amy Dunn,11,Indeed,Atende totalmente,430,Satisfeito ,0,3/10/2015,0,3
"Cierpiszewski, Caroline  ",10168,0,0,0,1,5,3,0," $64.816,00 ",0,19,Técnico de Produção I,MA,2044,05/31/88,M,Solteiro,Não-cidadão,Não,Negro ou afro-americano,10/3/2011,N/A,N/A - Ainda empregado,Ativo,Produção,Ketsia Liebig,19,Indeed,Atende totalmente,358,Muito Satisfeito ,0,1/30/2019,0,3
"Clayton, Rick",10220,0,0,1,1,3,3,0," $68.678,00 ",0,14,Suporte de TI,MA,2170,09/05/85,H ,Solteiro,Cidadão americano,Não,Branco,9/5/2012,N/A,N/A - Ainda empregado,Ativo,T.I,Eric Dougall,6,Indeed,Atende totalmente,470,Neutro ,6,2/27/2019,0,2
"Cloninger, Jennifer",10275,1,1,0,5,5,3,0," $64.066,00 ",1,20,Técnico de Produção II,MA,1752,08/31/81,M,Casado,Cidadão americano,Não,Branco,5/16/2011,1/7/2013,infeliz,Rescindido voluntariamente,Produção,Brannon Miller,12,Pesquisa Google,Atende totalmente,420,Muito Satisfeito ,0,5/3/2012,0,9
"Close, Phil",10269,1,1,1,5,5,3,0," $59.369,00 ",1,20,Técnico de Produção II,MA,2169,11/25/78,H ,Casado,Cidadão americano,Não,Branco,8/30/2010,9/26/2011,Mudança de carreira,Rescindido voluntariamente,Produção,David Stanley,14,Indeed,Atende totalmente,420,Satisfeito ,0,5/4/2011,0,6
"Clukey, Elijian",10029,1,1,1,2,5,4,0," $50.373,00 ",0,19,Técnico de Produção I,MA,2134,08/26/80,H ,Casado,Cidadão americano,Não,Branco,7/6/2016,N/A,N/A - Ainda empregado,Ativo,Produção,Brannon Miller,12,Indicação de funcionários,Excede,410,Satisfeito ,0,2/28/2019,0,5
"Cockel, James",10261,0,0,1,1,5,3,0," $63.108,00 ",0,19,Técnico de Produção I,MA,2452,09/08/77,H ,Solteiro,Cidadão americano,Não,Branco,7/8/2013,N/A,N/A - Ainda empregado,Ativo,Produção,David Stanley,14,Indicação de funcionários,Atende totalmente,440,Muito Satisfeito ,0,1/14/2019,0,3
"Cole, Spencer",10292,0,0,1,4,5,2,0," $59.144,00 ",1,19,Técnico de Produção I,MA,1880,08/12/79,H ,Solteiro,Cidadão americano,Não,Negro ou afro-americano,7/11/2011,9/23/2016,desempenho,Rescindido por justa causa,Produção,Kissy Sullivan,20,LinkedIn,Precisa de melhorias,200,Neutro ,0,5/1/2016,5,16
"Corleone, Michael",10282,0,2,1,1,5,2,0," $68.051,00 ",0,18,Gerente de Produção,MA,1803,12/17/75,H ,Divorciado,Cidadão americano,Não,Branco,7/20/2010,N/A,N/A - Ainda empregado,Ativo,Produção,Janet King,2,Construtor de Carreira,Precisa de melhorias,413,Insatisfeito,0,1/14/2019,3,3
"Corleone, Vito",10019,0,0,1,1,5,4,0," $170.500,00 ",0,10,Diretor de Operações,MA,2030,03/19/83,H ,Solteiro,Cidadão americano,Não,Negro ou afro-americano,1/5/2009,N/A,N/A - Ainda empregado,Ativo,Produção,Janet King,2,Indeed,Excede,370,Muito Satisfeito ,0,2/4/2019,0,15
"Cornett, Lisa ",10094,1,1,0,1,5,3,0," $63.381,00 ",0,19,Técnico de Produção I,MA,2189,03/31/77,M,Casado,Cidadão americano,Sim,Branco,1/5/2015,N/A,N/A - Ainda empregado,Ativo,Produção,Kelley Spirea,18,Indeed,Atende totalmente,473,Muito Satisfeito ,0,2/14/2019,0,6
"Costello, Frank",10193,1,1,1,1,3,3,0," $83.552,00 ",0,9,Analista de Dados,MA,1810,08/26/86,H ,Casado,Cidadão americano,Não,Branco,3/30/2015,N/A,N/A - Ainda empregado,Ativo,T.I,Simon Roup,4,Indeed,Atende totalmente,304,Neutro ,6,1/22/2019,0,2
"Crimmings,   Jean",10132,0,0,0,2,5,3,0," $56.149,00 ",0,19,Técnico de Produção I,MA,1821,04/10/87,M,Solteiro,Cidadão americano,Não,Branco,7/6/2016,N/A,N/A - Ainda empregado,Ativo,Produção,Michael Albert,22,LinkedIn,Atende totalmente,412,Muito Satisfeito ,0,1/28/2019,0,15
"Cross, Noah",10083,0,0,1,1,3,3,0," $92.329,00 ",0,28,Engenheiro de rede sênior,CT,6278,09/09/65,H ,Solteiro,Cidadão americano,Não,Branco,11/10/2014,N/A,N/A - Ainda empregado,Ativo,T.I,Peter Monroe,7,Indicação de funcionários,Atende totalmente,500,Neutro ,4,1/2/2019,0,5
"Daneault, Lynn",10099,0,0,0,1,6,3,0," $65.729,00 ",0,21,Gerente de Vendas,VT,5473,04/19/90,M,Solteiro,Cidadão americano,Não,Branco,5/5/2014,N/A,N/A - Ainda empregado,Ativo,Venda,Debra Houlihan,15,Indeed,Atende totalmente,462,Satisfeito ,0,1/24/2019,0,8
"Daniele, Ann  ",10212,1,1,0,3,3,3,0," $85.028,00 ",0,28,Engenheiro de rede sênior,CT,6033,01/18/52,M,Casado,Cidadão americano,Não,Branco,11/10/2014,N/A,N/A - Ainda empregado,Ativo,T.I,Peter Monroe,7,LinkedIn,Atende totalmente,310,Muito Satisfeito ,8,2/12/2019,0,19
"Darson, Jene'ya ",10056,1,1,0,1,5,3,0," $57.583,00 ",0,19,Técnico de Produção I,MA,2110,11/05/78,M,Casado,Cidadão americano,Não,Branco,7/2/2012,N/A,N/A - Ainda empregado,Ativo,Produção,Elijiah Gray,16,Indeed,Atende totalmente,500,Neutro ,0,2/25/2019,0,1
"Davis, Daniel",10143,0,0,1,1,5,3,0," $56.294,00 ",0,20,Técnico de Produção II,MA,2458,09/14/79,H ,Solteiro,Não cidadão elegível,Não,Duas ou mais corridas,11/7/2011,N/A,N/A - Ainda empregado,Ativo,Produção,Kissy Sullivan,20,LinkedIn,Atende totalmente,396,Satisfeito ,0,2/27/2019,0,6
"Dee, Randy",10311,1,1,1,1,6,1,0," $56.991,00 ",0,19,Técnico de Produção I,MA,2138,04/15/88,H ,Casado,Cidadão americano,Não,Branco,7/9/2018,N/A,N/A - Ainda empregado,Ativo,Produção,Brannon Miller,12,Indeed,Atende totalmente,43,Satisfeito ,3,1/31/2019,2,2
"DeGweck,  James",10070,1,1,1,5,5,3,0," $55.722,00 ",1,19,Técnico de Produção I,MA,1810,10/31/77,H ,Casado,Cidadão americano,Não,Branco,5/16/2011,6/8/2016,infeliz,Rescindido voluntariamente,Produção,Webster Butler,39,Indeed,Atende totalmente,500,Satisfeito ,0,4/2/2016,0,14
"Del Bosque, Keyla",10155,0,0,0,1,4,3,0," $101.199,00 ",0,24,Engenheiro de software,MA,2176,07/05/79,M,Solteiro,Cidadão americano,Não,Negro ou afro-americano,1/9/2012,N/A,N/A - Ainda empregado,Ativo,Engenharia de Software,Alex Sweetwater,10,Construtor de Carreira,Atende totalmente,379,Muito Satisfeito ,5,1/25/2019,0,8
"Delarge, Alex",10306,0,0,1,1,6,1,0," $61.568,00 ",0,3,Gerente de Vendas da Área,AL,36006,11/02/75,H ,Solteiro,Cidadão americano,Não,Duas ou mais corridas,9/29/2014,N/A,N/A - Ainda empregado,Ativo,Venda,John Smith,17,Indeed,PMD,193,Neutro ,0,1/30/2019,6,5
"Demita, Carla",10100,0,3,0,5,5,3,0," $58.275,00 ",1,20,Técnico de Produção II,MA,2343,02/25/51,M,Separado,Cidadão americano,Não,Negro ou afro-americano,4/4/2011,11/4/2015,mais dinheiro,Rescindido voluntariamente,Produção,Kelley Spirea,18,Pesquisa Google,Atende totalmente,462,Muito Satisfeito ,0,5/6/2015,0,1
"Desimone, Carl ",10310,1,1,1,1,5,1,0," $53.189,00 ",0,19,Técnico de Produção I,MA,2061,04/19/67,H ,Casado,Cidadão americano,Não,Branco,7/7/2014,N/A,N/A - Ainda empregado,Ativo,Produção,Amy Dunn,11,Indeed,PMD,112,Insatisfeito,0,1/31/2019,4,9
"DeVito, Tommy",10197,0,0,1,1,3,3,0," $96.820,00 ",0,4,Desenvolvedor de BI,MA,2045,09/04/83,H ,Solteiro,Cidadão americano,Não,Branco,2/15/2017,N/A,N/A - Ainda empregado,Ativo,T.I,Brian Champaigne,13,Indeed,Atende totalmente,301,Muito Satisfeito ,7,1/23/2019,0,15
"Dickinson, Geoff ",10276,0,0,1,1,5,3,0," $51.259,00 ",0,19,Técnico de Produção I,MA,2180,11/15/82,H ,Solteiro,Cidadão americano,Não,Branco,5/12/2014,N/A,N/A - Ainda empregado,Ativo,Produção,Ketsia Liebig,19,Indeed,Atende totalmente,430,Satisfeito ,0,2/19/2019,0,1
"Dietrich, Jenna  ",10304,0,0,0,1,6,1,0," $59.231,00 ",0,3,Gerente de Vendas da Área,WA,98052,05/14/87,M,Solteiro,Cidadão americano,Sim,Branco,2/20/2012,N/A,N/A - Ainda empregado,Ativo,Venda,John Smith,17,Local na rede Internet,PMD,230,Muito Insatisfeito,0,1/29/2019,2,17
"DiNocco, Lily ",10284,1,1,0,1,5,2,0," $61.584,00 ",0,19,Técnico de Produção I,MA,2351,12/02/78,M,Casado,Cidadão americano,Não,Negro ou afro-americano,1/7/2013,N/A,N/A - Ainda empregado,Ativo,Produção,Brannon Miller,12,Indeed,Precisa de melhorias,388,Satisfeito ,0,1/18/2019,0,6
"Dobrin, Denisa  S",10207,0,0,0,1,5,3,0," $46.335,00 ",0,19,Técnico de Produção I,MA,2125,10/07/86,M,Solteiro,Cidadão americano,Sim,Branco,4/2/2012,N/A,N/A - Ainda empregado,Ativo,Produção,David Stanley,14,Construtor de Carreira,Atende totalmente,340,Muito Satisfeito ,0,2/19/2019,0,15
"Dolan, Linda",10133,1,1,0,1,3,3,0," $70.621,00 ",0,14,Suporte de TI,MA,2119,07/18/88,M,Casado,Cidadão americano,Não,Branco,1/5/2015,N/A,N/A - Ainda empregado,Ativo,T.I,Peter Monroe,7,Indicação de funcionários,Atende totalmente,411,Satisfeito ,6,2/25/2019,0,16
"Dougall, Eric",10028,0,0,1,1,3,4,0," $138.888,00 ",0,13,Gerente de TI - Suporte,MA,1886,07/09/70,H ,Solteiro,Cidadão americano,Não,Negro ou afro-americano,1/5/2014,N/A,N/A - Ainda empregado,Ativo,T.I,Jennifer Zamora,5,Indeed,Excede,430,Muito Satisfeito ,5,1/4/2019,0,4
"Driver, Elle",10006,0,0,0,1,6,4,0," $74.241,00 ",0,3,Gerente de Vendas da Área,CA,90007,11/08/88,M,Solteiro,Cidadão americano,Não,Branco,1/10/2011,N/A,N/A - Ainda empregado,Ativo,Venda,Lynn Daneault,21,Indeed,Excede,477,Muito Satisfeito ,0,1/27/2019,0,14
"Dunn, Amy  ",10105,0,0,0,1,5,3,0," $75.188,00 ",0,18,Gerente de Produção,MA,1731,11/28/73,M,Solteiro,Cidadão americano,Não,Branco,9/18/2014,N/A,N/A - Ainda empregado,Ativo,Produção,Janet King,2,Pesquisa Google,Atende totalmente,452,Satisfeito ,0,1/15/2019,0,4
"Dunne, Amy",10211,1,1,0,1,5,3,0," $62.514,00 ",0,19,Técnico de Produção I,MA,1749,09/23/73,M,Casado,Cidadão americano,Não,Branco,4/26/2010,N/A,N/A - Ainda empregado,Ativo,Produção,Ketsia Liebig,19,Pesquisa Google,Atende totalmente,290,Neutro ,0,1/21/2019,0,6
"Eaton, Marianne",10064,1,1,0,5,5,3,0," $60.070,00 ",1,19,Técnico de Produção I,MA,2343,09/05/91,M,Casado,Cidadão americano,Não,Branco,4/4/2011,6/6/2017,militar,Rescindido voluntariamente,Produção,Kissy Sullivan,20,Pesquisa Google,Atende totalmente,500,Neutro ,0,4/9/2017,0,7
"Engdahl, Jean",10247,0,0,1,1,5,3,0," $48.888,00 ",0,19,Técnico de Produção I,MA,2026,05/31/74,H ,Solteiro,Cidadão americano,Não,Branco,11/10/2014,N/A,N/A - Ainda empregado,Ativo,Produção,Kelley Spirea,18,LinkedIn,Atende totalmente,470,Muito Satisfeito ,0,2/13/2019,0,8
"England, Rex",10235,1,1,1,1,5,3,0," $54.285,00 ",0,19,Técnico de Produção I,MA,2045,08/25/78,H ,Casado,Cidadão americano,Não,Branco,3/31/2014,N/A,N/A - Ainda empregado,Ativo,Produção,Kelley Spirea,18,Indicação de funcionários,Atende totalmente,420,Neutro ,0,1/11/2019,0,3
"Erilus, Angela",10299,0,3,0,1,5,1,0," $56.847,00 ",0,20,Técnico de Produção II,MA,2133,08/25/89,M,Separado,Cidadão americano,Não,Branco,7/7/2014,N/A,N/A - Ainda empregado,Ativo,Produção,Michael Albert,22,Indeed,PMD,300,Muito Insatisfeito,0,2/25/2019,2,5
"Estremera, Miguel",10280,0,0,1,4,5,2,0," $60.340,00 ",1,19,Técnico de Produção I,MA,2129,09/02/83,H ,Solteiro,Cidadão americano,Não,Branco,4/2/2012,9/27/2018,assiduidade,Rescindido por justa causa,Produção,Michael Albert,22,Pesquisa Google,Precisa de melhorias,500,Satisfeito ,0,4/12/2018,5,16
"Evensen, April",10296,0,0,0,4,5,2,0," $59.124,00 ",1,19,Técnico de Produção I,MA,2458,05/06/89,M,Solteiro,Cidadão americano,Não,Branco,2/17/2014,2/25/2018,"no-call, no-show",Rescindido por justa causa,Produção,Elijiah Gray,16,Pesquisa Google,Precisa de melhorias,230,Neutro ,0,1/15/2017,5,19
"Exantus, Susan",10290,1,1,0,4,4,2,0," $99.280,00 ",1,24,Engenheiro de software,MA,1749,05/15/87,M,Casado,Cidadão americano,Não,Negro ou afro-americano,5/2/2011,6/5/2013,assiduidade,Rescindido por justa causa,Engenharia de Software,Alex Sweetwater,10,Indeed,Precisa de melhorias,210,Muito Satisfeito ,4,8/10/2012,4,19
"Faller, Megan ",10263,1,1,0,1,5,3,0," $71.776,00 ",0,20,Técnico de Produção II,MA,1824,09/22/78,M,Casado,Cidadão americano,Não,Negro ou afro-americano,7/7/2014,N/A,N/A - Ainda empregado,Ativo,Produção,Elijiah Gray,16,LinkedIn,Atende totalmente,440,Muito Satisfeito ,0,2/22/2019,0,17
"Fancett, Nicole",10136,0,0,0,1,5,3,0," $65.902,00 ",0,20,Técnico de Produção II,MA,2324,09/27/87,M,Solteiro,Cidadão americano,Não,Negro ou afro-americano,2/17/2014,N/A,N/A - Ainda empregado,Ativo,Produção,Webster Butler,,LinkedIn,Atende totalmente,400,Satisfeito ,0,1/7/2019,0,7
"Ferguson, Susan",10189,1,1,0,5,5,3,0," $57.748,00 ",1,19,Técnico de Produção I,MA,2176,04/14/55,M,Casado,Cidadão americano,Não,Branco,11/7/2011,5/17/2016,militar,Rescindido voluntariamente,Produção,Webster Butler,39,Pesquisa Google,Atende totalmente,313,Neutro ,0,2/4/2016,0,16
"Fernandes, Nilson  ",10308,1,1,1,1,5,1,0," $64.057,00 ",0,19,Técnico de Produção I,MA,2132,10/18/89,H ,Casado,Cidadão americano,Não,Branco,5/11/2015,N/A,N/A - Ainda empregado,Ativo,Produção,Amy Dunn,11,Indeed,PMD,156,Muito Satisfeito ,0,1/3/2019,6,15
"Fett, Boba",10309,0,0,1,1,3,1,0," $53.366,00 ",0,15,Engenheiro de Redes,MA,2138,06/18/87,H ,Solteiro,Cidadão americano,Não,Branco,3/30/2015,N/A,N/A - Ainda empregado,Ativo,T.I,Peter Monroe,7,LinkedIn,PMD,120,Neutro ,6,2/4/2019,3,2
"Fidelia,  Libby",10049,1,1,0,1,5,3,0," $58.530,00 ",0,19,Técnico de Produção I,MA,2155,03/16/81,M,Casado,Cidadão americano,Não,Branco,1/9/2012,N/A,N/A - Ainda empregado,Ativo,Produção,Brannon Miller,12,Pesquisa Google,Atende totalmente,500,Muito Satisfeito ,0,1/29/2019,0,19
"Fitzpatrick, Michael  J",10093,0,0,1,5,5,3,0," $72.609,00 ",1,20,Técnico de Produção II,MA,2143,10/01/81,H ,Solteiro,Cidadão americano,Sim,Branco,5/16/2011,6/24/2013,Horas,Rescindido voluntariamente,Produção,Amy Dunn,11,Pesquisa Google,Atende totalmente,476,Muito Satisfeito ,0,4/5/2013,0,20
"Foreman, Tanya",10163,1,1,0,5,5,3,0," $55.965,00 ",1,20,Técnico de Produção II,MA,2170,11/08/83,M,Casado,Cidadão americano,Não,Branco,4/4/2011,1/9/2013,Mudança de carreira,Rescindido voluntariamente,Produção,Ketsia Liebig,19,Pesquisa Google,Atende totalmente,366,Neutro ,0,1/7/2012,0,6
"Forrest, Alex",10305,1,1,1,1,6,3,0," $70.187,00 ",1,3,Gerente de Vendas da Área,MA,2330,07/07/75,H ,Casado,Cidadão americano,Não,Branco,9/29/2014,8/19/2018,Atração fatal,Rescindido por justa causa,Venda,Lynn Daneault,21,Indicação de funcionários,PMD,200,Muito Satisfeito ,0,1/28/2019,4,7
"Foss, Jason",10015,0,0,1,1,3,4,0," $178.000,00 ",0,12,Diretor de TI,MA,1460,07/05/80,H ,Solteiro,Cidadão americano,Não,Negro ou afro-americano,4/15/2011,N/A,N/A - Ainda empregado,Ativo,T.I,Jennifer Zamora,5,Indeed,Excede,500,Muito Satisfeito ,5,1/7/2019,0,15
"Foster-Baker, Amy",10080,1,1,0,1,1,3,0," $99.351,00 ",0,26,Contador Sênior,MA,2050,04/16/79,M,Casado,Cidadão americano,Não,Branco,1/5/2009,N/A,N/A - Ainda empregado,Ativo,Escritórios administrativos,Board of Directors,9,Outro,Atende totalmente,500,Neutro ,2,2/8/2019,0,3
"Fraval, Maruk ",10258,0,0,1,1,6,3,0," $67.251,00 ",0,3,Gerente de Vendas da Área,CT,6050,08/28/63,H ,Solteiro,Cidadão americano,Não,Negro ou afro-americano,9/6/2011,N/A,N/A - Ainda empregado,Ativo,Venda,Lynn Daneault,21,Construtor de Carreira,Atende totalmente,430,Neutro ,0,1/27/2019,2,7
"Galia, Lisa",10273,0,0,0,1,3,3,0," $65.707,00 ",0,14,Suporte de TI,CT,6040,07/06/68,M,Solteiro,Cidadão americano,Não,Branco,5/1/2010,N/A,N/A - Ainda empregado,Ativo,T.I,Eric Dougall,6,LinkedIn,Atende totalmente,470,Satisfeito ,5,2/1/2019,0,1
"Garcia, Raul",10111,0,0,1,1,5,3,0," $52.249,00 ",0,19,Técnico de Produção I,MA,1905,09/15/85,H ,Solteiro,Cidadão americano,Sim,Branco,3/30/2015,N/A,N/A - Ainda empregado,Ativo,Produção,David Stanley,14,Indicação de funcionários,Atende totalmente,450,Neutro ,0,2/18/2019,0,5
"Gaul, Barbara",10257,0,0,0,1,5,3,0," $53.171,00 ",0,19,Técnico de Produção I,MA,2121,12/02/83,M,Solteiro,Cidadão americano,Sim,Negro ou afro-americano,5/16/2011,N/A,N/A - Ainda empregado,Ativo,Produção,Kelley Spirea,18,LinkedIn,Atende totalmente,420,Satisfeito ,0,2/26/2019,0,12
"Gentry, Mildred",10159,1,1,0,1,5,3,0," $51.337,00 ",0,19,Técnico de Produção I,MA,2145,10/01/90,M,Casado,Cidadão americano,Não,Negro ou afro-americano,3/30/2015,N/A,N/A - Ainda empregado,Ativo,Produção,Michael Albert,22,LinkedIn,Atende totalmente,373,Neutro ,0,1/16/2019,0,19
"Gerke, Melisa",10122,0,2,0,5,5,3,1," $51.505,00 ",1,19,Técnico de Produção I,MA,2330,05/15/70,M,Divorciado,Cidadão americano,Não,Negro ou afro-americano,11/7/2011,11/15/2016,Horas,Rescindido voluntariamente,Produção,Elijiah Gray,16,Feira de Empregos de Diversidade,Atende totalmente,424,Satisfeito ,0,4/29/2016,0,2
"Gill, Whitney  ",10142,0,4,0,4,6,3,0," $59.370,00 ",1,3,Gerente de Vendas da Área,OH,43050,07/10/71,M,Viúva,Cidadão americano,Não,Negro ou afro-americano,7/7/2014,9/5/2015,assiduidade,Rescindido por justa causa,Venda,John Smith,17,Construtor de Carreira,Atende totalmente,397,Satisfeito ,0,1/15/2014,0,7
"Gilles, Alex",10283,1,1,1,5,5,2,1," $54.933,00 ",1,19,Técnico de Produção I,MA,2062,08/09/74,H ,Casado,Cidadão americano,Não,Negro ou afro-americano,4/2/2012,6/25/2015,militar,Rescindido voluntariamente,Produção,Webster Butler,39,Feira de Empregos de Diversidade,Precisa de melhorias,397,Satisfeito ,0,1/20/2015,3,15
"Girifalco, Evelyn",10018,0,0,0,1,5,4,0," $57.815,00 ",0,19,Técnico de Produção I,MA,2451,05/08/80,M,Solteiro,Cidadão americano,Sim,Duas ou mais corridas,9/29/2014,N/A,N/A - Ainda empregado,Ativo,Produção,Amy Dunn,11,Indeed,Excede,390,Satisfeito ,0,2/7/2019,0,3
"Givens, Myriam",10255,0,0,0,1,6,3,0," $61.555,00 ",0,3,Gerente de Vendas da Área,IN,46204,09/22/89,M,Solteiro,Cidadão americano,Não,Branco,2/16/2015,N/A,N/A - Ainda empregado,Ativo,Venda,Lynn Daneault,21,Indeed,Atende totalmente,450,Muito Satisfeito ,0,1/25/2019,0,20
"Goble, Taisha",10246,0,0,0,4,3,3,0," $114.800,00 ",1,8,Administrador de Banco de Dados,MA,2127,10/23/71,M,Solteiro,Cidadão americano,Não,Branco,2/16/2015,3/15/2015,"no-call, no-show",Rescindido por justa causa,T.I,Simon Roup,4,Indeed,Atende totalmente,460,Satisfeito ,4,1/20/2015,0,10
"Goeth, Amon",10228,1,1,1,1,3,3,0," $74.679,00 ",0,14,Suporte de TI,MA,2135,11/24/89,H ,Casado,Cidadão americano,Sim,Branco,3/30/2015,N/A,N/A - Ainda empregado,Ativo,T.I,Peter Monroe,7,LinkedIn,Atende totalmente,430,Muito Satisfeito ,7,1/10/2019,0,20
"Gold, Shenice  ",10243,0,0,0,1,5,3,0," $53.018,00 ",0,19,Técnico de Produção I,MA,2451,06/18/92,M,Solteiro,Cidadão americano,Sim,Branco,11/11/2013,N/A,N/A - Ainda empregado,Ativo,Produção,Ketsia Liebig,19,Indeed,Atende totalmente,430,Muito Satisfeito ,0,2/18/2019,0,7
"Gonzalez, Cayo",10031,0,2,1,1,5,4,1," $59.892,00 ",0,19,Técnico de Produção I,MA,2108,09/29/69,H ,Divorciado,Cidadão americano,Não,Negro ou afro-americano,7/11/2011,N/A,N/A - Ainda empregado,Ativo,Produção,Brannon Miller,12,Feira de Empregos de Diversidade,Excede,450,Satisfeito ,0,2/18/2019,0,1
"Gonzalez, Juan",10300,1,1,1,5,5,1,1," $68.898,00 ",1,20,Técnico de Produção II,MA,2128,10/12/64,H ,Casado,Cidadão americano,Não,Negro ou afro-americano,4/26/2010,5/30/2011,Mudança de carreira,Rescindido voluntariamente,Produção,Brannon Miller,12,Feira de Empregos de Diversidade,PMD,300,Neutro ,0,3/6/2011,3,10
"Gonzalez, Maria",10101,0,3,0,1,3,3,0," $61.242,00 ",0,14,Suporte de TI,MA,2472,04/16/81,M,Separado,Cidadão americano,Sim,Branco,1/5/2015,N/A,N/A - Ainda empregado,Ativo,T.I,Peter Monroe,7,Indicação de funcionários,Atende totalmente,461,Satisfeito ,5,1/28/2019,0,11
"Good, Susan",10237,1,1,0,3,5,3,0," $66.825,00 ",0,20,Técnico de Produção II,MA,1886,05/25/86,M,Casado,Cidadão americano,Não,Branco,5/12/2014,N/A,N/A - Ainda empregado,Ativo,Produção,David Stanley,14,LinkedIn,Atende totalmente,460,Neutro ,0,2/7/2019,0,20
"Gordon, David",10051,1,1,1,1,5,3,0," $48.285,00 ",0,19,Técnico de Produção I,MA,2169,05/21/79,H ,Casado,Cidadão americano,Não,Branco,7/2/2012,N/A,N/A - Ainda empregado,Ativo,Produção,David Stanley,14,LinkedIn,Atende totalmente,500,Neutro ,0,1/14/2019,0,2
"Gosciminski, Phylicia  ",10218,0,3,0,3,5,3,0," $66.149,00 ",0,20,Técnico de Produção II,MA,1824,12/08/83,M,Separado,Cidadão americano,Não,Índio americano ou nativo do Alasca,9/30/2013,N/A,N/A - Ainda empregado,Ativo,Produção,Kissy Sullivan,20,Pesquisa Google,Atende totalmente,440,Muito Satisfeito ,0,2/21/2019,0,1
"Goyal, Roxana",10256,1,1,0,3,5,3,0," $49.256,00 ",0,19,Técnico de Produção I,MA,1864,10/09/74,M,Casado,Cidadão americano,Não,Asiático,8/19/2013,N/A,N/A - Ainda empregado,Ativo,Produção,Kissy Sullivan,20,LinkedIn,Atende totalmente,410,Muito Satisfeito ,0,2/15/2019,0,3
"Gray, Elijiah  ",10098,0,2,1,1,5,3,0," $62.957,00 ",0,18,Gerente de Produção,MA,1752,07/11/81,H ,Divorciado,Cidadão americano,Não,Branco,6/2/2015,N/A,N/A - Ainda empregado,Ativo,Produção,Janet King,2,Indicação de funcionários,Atende totalmente,463,Neutro ,0,1/4/2019,0,2
"Gross, Paula",10059,0,2,0,5,5,3,0," $63.813,00 ",1,19,Técnico de Produção I,MA,2176,05/21/83,M,Divorciado,Cidadão americano,Não,Branco,2/21/2011,1/11/2014,mais dinheiro,Rescindido voluntariamente,Produção,Kelley Spirea,18,Construtor de Carreira,Atende totalmente,500,Muito Satisfeito ,0,6/3/2013,0,17
"Gruber, Hans",10234,1,1,1,1,3,3,0," $99.020,00 ",0,4,Desenvolvedor de BI,MA,2134,06/30/89,H ,Casado,Cidadão americano,Não,Negro ou afro-americano,4/20/2017,N/A,N/A - Ainda empregado,Ativo,T.I,Brian Champaigne,13,Indeed,Atende totalmente,420,Muito Satisfeito ,5,1/28/2019,0,8
"Guilianno, Mike",10109,0,0,1,5,6,3,0," $71.707,00 ",1,3,Gerente de Vendas da Área,TN,37129,02/09/69,H ,Solteiro,Cidadão americano,Não,Duas ou mais corridas,3/7/2012,10/31/2014,realocação fora da área,Rescindido voluntariamente,Venda,John Smith,17,LinkedIn,Atende totalmente,450,Muito Satisfeito ,0,2/1/2013,0,20
"Handschiegl, Joanne",10125,1,1,0,1,5,3,0," $54.828,00 ",0,19,Técnico de Produção I,MA,2127,03/23/77,M,Casado,Cidadão americano,Não,Branco,11/28/2011,N/A,N/A - Ainda empregado,Ativo,Produção,Michael Albert,22,Pesquisa Google,Atende totalmente,420,Satisfeito ,0,2/22/2019,0,13
"Hankard, Earnest",10074,0,0,1,1,5,3,0," $64.246,00 ",0,20,Técnico de Produção II,MA,2155,08/10/88,H ,Solteiro,Cidadão americano,Sim,Branco,11/11/2013,N/A,N/A - Ainda empregado,Ativo,Produção,Kelley Spirea,18,LinkedIn,Atende totalmente,500,Neutro ,0,1/8/2019,0,20
"Harrington, Christie ",10097,0,0,0,5,5,3,0," $52.177,00 ",1,19,Técnico de Produção I,MA,2324,08/18/52,M,Solteiro,Cidadão americano,Não,Branco,1/9/2012,12/15/2015,Aposentar,Rescindido voluntariamente,Produção,Webster Butler,39,Construtor de Carreira,Atende totalmente,464,Satisfeito ,0,5/2/2015,0,8
"Harrison, Kara",10007,1,1,0,1,5,4,0," $62.065,00 ",0,19,Técnico de Produção I,MA,1886,05/02/74,M,Casado,Cidadão americano,Não,Branco,5/12/2014,N/A,N/A - Ainda empregado,Ativo,Produção,Amy Dunn,11,Construtor de Carreira,Excede,476,Satisfeito ,0,2/15/2019,0,5
"Heitzman, Anthony",10129,0,0,1,1,5,3,0," $46.998,00 ",0,19,Técnico de Produção I,MA,2149,01/04/84,H ,Solteiro,Cidadão americano,Não,Branco,8/13/2012,N/A,N/A - Ainda empregado,Ativo,Produção,Ketsia Liebig,19,Pesquisa Google,Atende totalmente,417,Satisfeito ,0,2/11/2019,0,1
"Hendrickson, Trina",10075,0,0,0,5,5,3,0," $68.099,00 ",1,20,Técnico de Produção II,MA,2021,08/27/72,M,Solteiro,Cidadão americano,Não,Branco,1/10/2011,6/18/2013,Horas,Rescindido voluntariamente,Produção,Kelley Spirea,18,Construtor de Carreira,Atende totalmente,500,Neutro ,0,1/30/2013,0,15
"Hitchcock, Alfred",10167,1,1,1,1,6,3,0," $70.545,00 ",0,3,Gerente de Vendas da Área,NH,3062,09/14/88,H ,Casado,Cidadão americano,Não,Índio americano ou nativo do Alasca,8/18/2014,N/A,N/A - Ainda empregado,Ativo,Venda,John Smith,17,Indeed,Atende totalmente,360,Muito Satisfeito ,0,1/30/2019,0,9
"Homberger, Adrienne  J",10195,1,1,0,5,5,3,0," $63.478,00 ",1,20,Técnico de Produção II,MA,2445,02/16/84,M,Casado,Não-cidadão,Não,Branco,8/15/2011,4/7/2012,realocação fora da área,Rescindido voluntariamente,Produção,Michael Albert,30,Indeed,Atende totalmente,303,Muito Satisfeito ,0,3/5/2012,0,16
"Horton, Jayne",10112,0,0,0,1,3,3,0," $97.999,00 ",0,8,Administrador de Banco de Dados,MA,2493,02/21/84,M,Solteiro,Cidadão americano,Não,Branco,3/30/2015,N/A,N/A - Ainda empregado,Ativo,T.I,Simon Roup,4,Indeed,Atende totalmente,448,Muito Satisfeito ,6,1/3/2019,0,4
"Houlihan, Debra",10272,1,1,0,1,6,3,0," $180.000,00 ",0,11,Diretor de Vendas,RI,2908,03/17/66,M,Casado,Cidadão americano,Não,Branco,5/5/2014,N/A,N/A - Ainda empregado,Ativo,Venda,Janet King,2,LinkedIn,Atende totalmente,450,Satisfeito ,0,1/21/2019,0,19
"Howard, Estelle",10182,1,1,0,1,1,3,0," $49.920,00 ",1,2,Assistente Administrativo,MA,2170,09/16/85,M,Casado,Cidadão americano,Não,Negro ou afro-americano,2/16/2015,4/15/2015,"no-call, no-show",Rescindido por justa causa,Escritórios administrativos,Brandon R. LeBlanc,1,Indeed,Atende totalmente,324,Neutro ,4,4/15/2015,0,6
"Hudson, Jane",10248,0,0,0,1,5,3,0," $55.425,00 ",0,19,Técnico de Produção I,MA,2176,06/10/86,M,Solteiro,Cidadão americano,Não,Branco,2/20/2012,N/A,N/A - Ainda empregado,Ativo,Produção,Ketsia Liebig,19,LinkedIn,Atende totalmente,480,Satisfeito ,0,1/7/2019,0,4
"Hunts, Julissa",10201,0,0,0,2,5,3,0," $69.340,00 ",0,20,Técnico de Produção II,MA,2021,03/11/84,M,Solteiro,Cidadão americano,Não,Branco,6/6/2016,N/A,N/A - Ainda empregado,Ativo,Produção,Elijiah Gray,16,LinkedIn,Atende totalmente,300,Muito Satisfeito ,0,1/18/2019,0,4
"Hutter, Rosalie",10214,0,3,0,2,5,3,0," $64.995,00 ",0,20,Técnico de Produção II,MA,2351,05/07/92,M,Separado,Cidadão americano,Não,Branco,6/5/2015,N/A,N/A - Ainda empregado,Ativo,Produção,Webster Butler,,Indeed,Atende totalmente,450,Neutro ,0,2/14/2019,0,6
"Huynh, Ming",10160,0,2,0,5,5,3,0," $68.182,00 ",1,20,Técnico de Produção II,MA,1742,09/22/76,M,Divorciado,Cidadão americano,Não,Branco,2/21/2011,4/1/2013,infeliz,Rescindido voluntariamente,Produção,Amy Dunn,11,Pesquisa Google,Atende totalmente,372,Neutro ,0,2/1/2013,0,18
"Immediato, Walter",10289,1,1,1,5,5,2,0," $83.082,00 ",1,18,Gerente de Produção,MA,2128,11/15/76,H ,Casado,Cidadão americano,Não,Asiático,2/21/2011,9/24/2012,infeliz,Rescindido voluntariamente,Produção,Janet King,2,Indeed,Precisa de melhorias,234,Insatisfeito,0,4/12/2012,3,4
"Ivey, Rose ",10139,0,0,0,1,5,3,0," $51.908,00 ",0,19,Técnico de Produção I,MA,1775,01/28/91,M,Solteiro,Cidadão americano,Não,Branco,8/19/2013,N/A,N/A - Ainda empregado,Ativo,Produção,Brannon Miller,12,Indeed,Atende totalmente,399,Neutro ,0,1/14/2019,0,14
"Jackson, Maryellen",10227,0,0,0,1,5,3,0," $61.242,00 ",0,19,Técnico de Produção I,MA,2081,09/11/72,M,Solteiro,Cidadão americano,Não,Negro ou afro-americano,11/5/2012,N/A,N/A - Ainda empregado,Ativo,Produção,David Stanley,14,LinkedIn,Atende totalmente,410,Neutro ,0,1/17/2019,0,7
"Jacobi, Hannah  ",10236,0,2,0,1,5,3,0," $45.069,00 ",0,19,Técnico de Produção I,MA,1778,03/22/66,M,Divorciado,Cidadão americano,Não,Branco,9/30/2013,N/A,N/A - Ainda empregado,Ativo,Produção,Kissy Sullivan,20,Indicação de funcionários,Atende totalmente,430,Muito Satisfeito ,0,2/22/2019,0,7
"Jeannite, Tayana",10009,0,2,0,1,5,4,0," $60.724,00 ",0,20,Técnico de Produção II,MA,1821,11/06/86,M,Divorciado,Cidadão americano,Não,Índio americano ou nativo do Alasca,7/5/2011,N/A,N/A - Ainda empregado,Ativo,Produção,Ketsia Liebig,19,LinkedIn,Excede,460,Satisfeito ,0,2/25/2019,0,11
"Jhaveri, Sneha  ",10060,0,3,0,1,5,3,0," $60.436,00 ",0,19,Técnico de Produção I,MA,2109,04/13/64,M,Separado,Cidadão americano,Não,Branco,1/6/2014,N/A,N/A - Ainda empregado,Ativo,Produção,Kelley Spirea,18,LinkedIn,Atende totalmente,500,Muito Satisfeito ,0,1/21/2019,0,9
"Johnson, George",10034,1,1,1,5,5,4,0," $46.837,00 ",1,19,Técnico de Produção I,MA,2445,08/19/59,H ,Casado,Cidadão americano,Não,Branco,11/7/2011,4/29/2018,mais dinheiro,Rescindido voluntariamente,Produção,Michael Albert,22,Construtor de Carreira,Excede,470,Satisfeito ,0,2/14/2018,0,9
"Johnson, Noelle ",10156,1,1,0,3,3,3,0," $105.700,00 ",0,8,Administrador de Banco de Dados,MA,2301,11/07/86,M,Casado,Cidadão americano,Não,Asiático,1/5/2015,N/A,N/A - Ainda empregado,Ativo,T.I,Simon Roup,4,Indeed,Atende totalmente,375,Neutro ,5,2/11/2019,0,2
"Johnston, Yen",10036,0,0,0,1,5,4,0," $63.322,00 ",0,20,Técnico de Produção II,MA,2128,09/08/69,M,Solteiro,Cidadão americano,Não,Branco,7/7/2014,N/A,N/A - Ainda empregado,Ativo,Produção,Brannon Miller,12,LinkedIn,Excede,430,Neutro ,0,1/11/2019,0,1
"Jung, Judy  ",10138,1,1,0,5,5,3,0," $61.154,00 ",1,19,Técnico de Produção I,MA,2446,04/17/86,M,Casado,Cidadão americano,Não,Negro ou afro-americano,1/10/2011,4/1/2016,infeliz,Rescindido voluntariamente,Produção,Elijiah Gray,16,Construtor de Carreira,Atende totalmente,400,Satisfeito ,0,2/3/2016,0,4
"Kampew, Donysha",10244,0,0,0,5,6,3,0," $68.999,00 ",1,21,Gerente de Vendas,PA,19444,11/11/89,M,Solteiro,Cidadão americano,Não,Branco,11/7/2011,4/24/2014,Licença maternidade - não retornou,Rescindido voluntariamente,Venda,Debra Houlihan,15,Pesquisa Google,Atende totalmente,450,Muito Satisfeito ,0,3/30/2013,0,2
"Keatts, Kramer ",10192,0,0,1,1,5,3,0," $50.482,00 ",0,19,Técnico de Produção I,MA,1887,01/19/76,H ,Solteiro,Cidadão americano,Não,Branco,9/30/2013,N/A,N/A - Ainda empregado,Ativo,Produção,Michael Albert,22,Indeed,Atende totalmente,307,Satisfeito ,0,1/23/2019,0,10
"Khemmich, Bartholemew",10231,0,0,1,1,6,3,0," $65.310,00 ",0,3,Gerente de Vendas da Área,CO,80820,11/27/79,H ,Solteiro,Cidadão americano,Não,Branco,8/19/2013,N/A,N/A - Ainda empregado,Ativo,Venda,Lynn Daneault,21,Indeed,Atende totalmente,430,Muito Satisfeito ,0,1/22/2019,0,13
"King, Janet",10089,1,1,0,1,2,3,0," $250.000,00 ",0,16,Presidente e CEO,MA,1902,09/21/54,M,Casado,Cidadão americano,Sim,Branco,7/2/2012,N/A,N/A - Ainda empregado,Ativo,Escritório Executivo,Board of Directors,9,Indeed,Atende totalmente,483,Neutro ,0,1/17/2019,0,10
"Kinsella, Kathleen  ",10166,1,1,0,5,5,3,0," $54.005,00 ",1,19,Técnico de Produção I,MA,2170,12/08/73,M,Casado,Cidadão americano,Não,Branco,9/26/2011,6/4/2015,mais dinheiro,Rescindido voluntariamente,Produção,Webster Butler,39,Pesquisa Google,Atende totalmente,360,Muito Satisfeito ,0,3/1/2015,0,16
"Kirill, Alexandra  ",10170,1,1,0,5,5,3,0," $45.433,00 ",1,19,Técnico de Produção I,MA,2127,10/08/70,M,Casado,Cidadão americano,Não,Branco,9/26/2011,1/9/2014,mais dinheiro,Rescindido voluntariamente,Produção,Amy Dunn,11,Pesquisa Google,Atende totalmente,349,Satisfeito ,0,1/30/2013,0,6
"Knapp, Bradley  J",10208,0,0,1,1,5,3,0," $46.654,00 ",0,19,Técnico de Produção I,MA,1721,11/10/77,H ,Solteiro,Cidadão americano,Não,Negro ou afro-americano,2/17/2014,N/A,N/A - Ainda empregado,Ativo,Produção,Ketsia Liebig,19,LinkedIn,Atende totalmente,310,Neutro ,0,2/6/2019,0,3
"Kretschmer, John",10176,1,1,1,1,5,3,0," $63.973,00 ",0,19,Técnico de Produção I,MA,1801,02/02/80,H ,Casado,Cidadão americano,Não,Asiático,1/10/2011,N/A,N/A - Ainda empregado,Ativo,Produção,Brannon Miller,12,Indeed,Atende totalmente,338,Neutro ,0,1/21/2019,0,17
"Kreuger, Freddy",10165,0,0,1,1,6,3,1," $71.339,00 ",0,3,Gerente de Vendas da Área,NY,10171,02/24/69,H ,Solteiro,Cidadão americano,Sim,Negro ou afro-americano,3/7/2011,N/A,N/A - Ainda empregado,Ativo,Venda,John Smith,17,Feira de Empregos de Diversidade,Atende totalmente,365,Muito Satisfeito ,0,1/17/2019,0,20
"Lajiri,  Jyoti",10113,1,1,1,3,3,3,0," $93.206,00 ",0,28,Engenheiro de rede sênior,MA,2169,04/23/86,H ,Casado,Cidadão americano,Não,Branco,11/10/2014,N/A,N/A - Ainda empregado,Ativo,T.I,Peter Monroe,7,Indicação de funcionários,Atende totalmente,446,Muito Satisfeito ,6,1/7/2019,0,7
"Landa, Hans",10092,1,1,1,4,5,3,0," $82.758,00 ",1,18,Gerente de Produção,MA,1890,07/01/72,H ,Casado,Cidadão americano,Não,Branco,1/10/2011,12/12/2015,assiduidade,Rescindido por justa causa,Produção,Janet King,2,Indicação de funcionários,Atende totalmente,478,Satisfeito ,0,2/15/2015,0,9
"Langford, Lindsey",10106,0,2,0,5,5,3,0," $66.074,00 ",1,20,Técnico de Produção II,MA,2090,07/25/79,M,Divorciado,Cidadão americano,Não,Asiático,1/7/2013,3/31/2014,Outra posição,Rescindido voluntariamente,Produção,David Stanley,14,Indeed,Atende totalmente,452,Neutro ,0,2/20/2014,0,20
"Langton, Enrico",10052,1,1,1,1,5,3,0," $46.120,00 ",0,19,Técnico de Produção I,MA,2048,12/09/86,H ,Casado,Cidadão americano,Não,Branco,7/9/2012,N/A,N/A - Ainda empregado,Ativo,Produção,David Stanley,14,LinkedIn,Atende totalmente,500,Muito Satisfeito ,0,2/4/2019,0,13
"LaRotonda, William  ",10038,0,2,1,1,1,3,0," $64.520,00 ",0,1,Contabilista I,MA,1460,04/26/84,H ,Divorciado,Cidadão americano,Não,Negro ou afro-americano,1/6/2014,N/A,N/A - Ainda empregado,Ativo,Escritórios administrativos,Brandon R. LeBlanc,1,Local na rede Internet,Atende totalmente,500,Satisfeito ,4,1/17/2019,0,3
"Latif, Mohammed",10249,1,1,1,5,5,3,0," $61.962,00 ",1,20,Técnico de Produção II,MA,2126,05/09/84,H ,Casado,Cidadão americano,Não,Branco,4/2/2012,4/15/2013,mais dinheiro,Rescindido voluntariamente,Produção,Kissy Sullivan,20,Pesquisa Google,Atende totalmente,490,Neutro ,0,2/20/2013,0,20
"Le, Binh",10232,0,0,0,1,3,3,0," $81.584,00 ",0,22,Desenvolvedor de BI Sênior,MA,1886,06/14/87,M,Solteiro,Cidadão americano,Não,Asiático,10/2/2016,N/A,N/A - Ainda empregado,Ativo,T.I,Brian Champaigne,13,Indeed,Atende totalmente,410,Muito Satisfeito ,7,1/8/2019,0,2
"Leach, Dallas",10087,0,0,0,5,5,3,0," $63.676,00 ",1,19,Técnico de Produção I,MA,1810,01/17/79,M,Solteiro,Cidadão americano,Não,Asiático,9/26/2011,8/19/2018,Retorno à escola,Rescindido voluntariamente,Produção,Kissy Sullivan,20,Construtor de Carreira,Atende totalmente,488,Neutro ,0,7/2/2017,0,17
"LeBlanc, Brandon  R",10134,1,1,1,1,1,3,0," $93.046,00 ",0,23,Gerente de Serviços Compartilhados,MA,1460,06/10/84,H ,Casado,Cidadão americano,Não,Branco,1/5/2016,N/A,N/A - Ainda empregado,Ativo,Escritórios administrativos,Janet King,2,Construtor de Carreira,Atende totalmente,410,Satisfeito ,0,1/28/2019,0,20
"Lecter, Hannibal",10251,1,1,1,1,5,3,0," $64.738,00 ",0,19,Técnico de Produção I,MA,1776,09/02/82,H ,Casado,Cidadão americano,Não,Asiático,5/14/2012,N/A,N/A - Ainda empregado,Ativo,Produção,Elijiah Gray,16,Pesquisa Google,Atende totalmente,410,Neutro ,0,2/22/2019,0,10
"Leruth, Giovanni",10103,0,3,1,1,6,3,0," $70.468,00 ",0,3,Gerente de Vendas da Área,UT,84111,12/27/88,H ,Separado,Cidadão americano,Não,Negro ou afro-americano,4/30/2012,N/A,N/A - Ainda empregado,Ativo,Venda,John Smith,17,Local na rede Internet,Atende totalmente,453,Neutro ,0,1/29/2019,0,16
"Liebig, Ketsia",10017,1,1,0,1,5,4,0," $77.915,00 ",0,18,Gerente de Produção,MA,2110,10/26/81,M,Casado,Cidadão americano,Não,Branco,9/30/2013,N/A,N/A - Ainda empregado,Ativo,Produção,Janet King,2,Local na rede Internet,Excede,410,Neutro ,0,1/21/2019,0,11
"Linares, Marilyn ",10186,1,1,0,5,5,3,0," $52.624,00 ",1,19,Técnico de Produção I,MA,1886,03/26/81,M,Casado,Cidadão americano,Não,Branco,7/5/2011,9/26/2018,infeliz,Rescindido voluntariamente,Produção,Michael Albert,22,Indeed,Atende totalmente,318,Satisfeito ,0,3/2/2018,0,16
"Linden, Mathew",10137,1,1,1,3,5,3,0," $63.450,00 ",0,20,Técnico de Produção II,MA,1770,03/19/79,H ,Casado,Cidadão americano,Não,Branco,7/8/2013,N/A,N/A - Ainda empregado,Ativo,Produção,Kelley Spirea,18,LinkedIn,Atende totalmente,400,Neutro ,0,2/18/2019,0,7
"Lindsay, Leonara ",10008,0,0,0,1,3,4,1," $51.777,00 ",0,14,Suporte de TI,CT,6070,10/05/88,M,Solteiro,Cidadão americano,Sim,Negro ou afro-americano,1/21/2011,N/A,N/A - Ainda empregado,Ativo,T.I,Eric Dougall,6,Feira de Empregos de Diversidade,Excede,464,Satisfeito ,5,1/25/2019,0,14
"Lundy, Susan",10096,0,4,0,5,5,3,0," $67.237,00 ",1,20,Técnico de Produção II,MA,2122,12/26/76,M,Viúva,Cidadão americano,Não,Branco,7/8/2013,9/15/2016,mais dinheiro,Rescindido voluntariamente,Produção,Michael Albert,22,LinkedIn,Atende totalmente,465,Satisfeito ,0,6/10/2016,0,15
"Lunquist, Lisa",10035,0,0,0,1,5,4,0," $73.330,00 ",0,20,Técnico de Produção II,MA,2324,03/28/82,M,Solteiro,Cidadão americano,Não,Negro ou afro-americano,8/19/2013,N/A,N/A - Ainda empregado,Ativo,Produção,Elijiah Gray,16,Indeed,Excede,420,Satisfeito ,0,2/12/2019,0,19
"Lydon, Allison",10057,1,1,0,3,5,3,0," $52.057,00 ",0,19,Técnico de Produção I,MA,2122,10/22/75,M,Casado,Cidadão americano,Não,Negro ou afro-americano,2/16/2015,N/A,N/A - Ainda empregado,Ativo,Produção,Elijiah Gray,16,Local na rede Internet,Atende totalmente,500,Neutro ,0,1/23/2019,0,6
"Lynch, Lindsay",10004,0,0,0,5,5,4,1," $47.434,00 ",1,19,Técnico de Produção I,MA,1844,02/14/73,M,Solteiro,Cidadão americano,Sim,Negro ou afro-americano,11/7/2011,11/14/2015,Outra posição,Rescindido voluntariamente,Produção,Webster Butler,39,Feira de Empregos de Diversidade,Excede,500,Satisfeito ,0,2/2/2015,0,17
"MacLennan, Samuel",10191,0,4,1,5,5,3,0," $52.788,00 ",1,19,Técnico de Produção I,MA,1938,11/09/72,H ,Viúva,Cidadão americano,Não,Branco,9/24/2012,9/26/2017,Horas,Rescindido voluntariamente,Produção,Amy Dunn,11,Indeed,Atende totalmente,308,Satisfeito ,0,4/1/2017,0,18
"Mahoney, Lauren  ",10219,0,0,0,1,5,3,0," $45.395,00 ",0,19,Técnico de Produção I,MA,2189,07/07/86,M,Solteiro,Cidadão americano,Não,Branco,1/6/2014,N/A,N/A - Ainda empregado,Ativo,Produção,Ketsia Liebig,19,LinkedIn,Atende totalmente,460,Satisfeito ,0,2/26/2019,0,14
"Manchester, Robyn",10077,1,1,0,2,5,3,0," $62.385,00 ",0,20,Técnico de Produção II,MA,2324,08/25/76,M,Casado,Cidadão americano,Não,Branco,5/11/2016,N/A,N/A - Ainda empregado,Ativo,Produção,Webster Butler,,LinkedIn,Atende totalmente,500,Neutro ,0,1/21/2019,0,4
"Mancuso, Karen",10073,1,1,0,5,5,3,0," $68.407,00 ",1,20,Técnico de Produção II,MA,2176,12/10/86,M,Casado,Cidadão americano,Não,Duas ou mais corridas,7/5/2011,8/19/2012,Outra posição,Rescindido voluntariamente,Produção,Amy Dunn,11,LinkedIn,Atende totalmente,500,Satisfeito ,0,7/2/2012,0,16
"Mangal, Debbie",10279,1,1,0,1,5,3,0," $61.349,00 ",0,19,Técnico de Produção I,MA,2451,11/07/74,M,Casado,Cidadão americano,Não,Branco,11/11/2013,N/A,N/A - Ainda empregado,Ativo,Produção,Brannon Miller,12,LinkedIn,Atende totalmente,410,Neutro ,0,1/22/2019,0,11
"Martin, Sandra",10110,0,0,0,1,4,3,0," $105.688,00 ",0,24,Engenheiro de software,MA,2135,11/07/87,M,Solteiro,Cidadão americano,Não,Asiático,11/11/2013,N/A,N/A - Ainda empregado,Ativo,Engenharia de Software,Alex Sweetwater,10,Pesquisa Google,Atende totalmente,450,Muito Satisfeito ,4,1/14/2019,0,14
"Maurice, Shana",10053,1,1,0,1,5,3,0," $54.132,00 ",0,19,Técnico de Produção I,MA,2330,11/22/77,M,Casado,Cidadão americano,Não,Branco,5/31/2011,N/A,N/A - Ainda empregado,Ativo,Produção,David Stanley,14,Indeed,Atende totalmente,500,Satisfeito ,0,1/10/2019,0,8
"Carthy, B'rigit",10076,0,0,0,1,5,3,0," $55.315,00 ",0,20,Técnico de Produção II,MA,2149,05/21/87,M,Solteiro,Cidadão americano,Não,Negro ou afro-americano,3/30/2015,N/A,N/A - Ainda empregado,Ativo,Produção,Ketsia Liebig,19,LinkedIn,Atende totalmente,500,Muito Satisfeito ,0,2/7/2019,0,16
"Mckenna, Sandy",10145,1,1,0,1,5,3,0," $62.810,00 ",0,19,Técnico de Produção I,MA,2184,01/07/87,M,Casado,Cidadão americano,Não,Negro ou afro-americano,1/7/2013,N/A,N/A - Ainda empregado,Ativo,Produção,Kissy Sullivan,20,Construtor de Carreira,Atende totalmente,393,Neutro ,0,1/30/2019,0,20
"McKinzie, Jac",10202,1,1,1,2,6,3,0," $63.291,00 ",0,3,Gerente de Vendas da Área,TX,78789,07/01/84,H ,Casado,Cidadão americano,Não,Duas ou mais corridas,7/6/2016,N/A,N/A - Ainda empregado,Ativo,Venda,Lynn Daneault,21,Local na rede Internet,Atende totalmente,340,Satisfeito ,0,1/29/2019,0,7
"Meads, Elizabeth",10128,0,0,0,5,5,3,1," $62.659,00 ",1,19,Técnico de Produção I,MA,1760,05/30/68,M,Solteiro,Cidadão americano,Não,Negro ou afro-americano,4/2/2012,11/11/2016,Outra posição,Rescindido voluntariamente,Produção,Kelley Spirea,18,Feira de Empregos de Diversidade,Atende totalmente,418,Satisfeito ,0,2/5/2016,0,17
"Medeiros, Jennifer",10068,0,0,0,1,5,3,0," $55.688,00 ",0,19,Técnico de Produção I,MA,2346,09/22/76,M,Solteiro,Cidadão americano,Não,Branco,3/30/2015,N/A,N/A - Ainda empregado,Ativo,Produção,Michael Albert,22,Construtor de Carreira,Atende totalmente,500,Satisfeito ,0,1/21/2019,0,10
"Miller, Brannon",10116,0,0,1,1,5,3,0," $83.667,00 ",0,18,Gerente de Produção,MA,2045,08/10/81,H ,Solteiro,Cidadão americano,Sim,Hispânico,8/16/2012,N/A,N/A - Ainda empregado,Ativo,Produção,Janet King,2,Indeed,Atende totalmente,437,Neutro ,0,1/14/2019,0,2
"Miller, Ned",10298,0,0,1,5,5,1,0," $55.800,00 ",1,20,Técnico de Produção II,MA,2472,06/29/85,H ,Solteiro,Cidadão americano,Não,Branco,8/15/2011,9/4/2014,infeliz,Rescindido voluntariamente,Produção,Brannon Miller,12,LinkedIn,PMD,300,Insatisfeito,0,1/14/2013,6,6
"Monkfish, Erasumus",10213,1,1,1,1,5,3,0," $58.207,00 ",0,20,Técnico de Produção II,MA,1450,08/17/92,H ,Casado,Cidadão americano,Não,Branco,11/7/2011,N/A,N/A - Ainda empregado,Ativo,Produção,David Stanley,14,LinkedIn,Atende totalmente,370,Neutro ,0,1/8/2019,0,14
"Monroe, Peter",10288,1,1,1,1,3,2,1," $157.000,00 ",0,13,Gerente de TI - Infra,MA,2134,10/05/86,H ,Casado,Não cidadão elegível,Sim,Negro ou afro-americano,2/15/2012,N/A,N/A - Ainda empregado,Ativo,T.I,Jennifer Zamora,5,Feira de Empregos de Diversidade,Precisa de melhorias,239,Neutro ,6,2/22/2019,4,13
"Monterro, Luisa",10025,0,0,0,1,5,4,0," $72.460,00 ",0,20,Técnico de Produção II,MA,2126,04/24/70,M,Solteiro,Cidadão americano,Não,Negro ou afro-americano,5/13/2013,N/A,N/A - Ainda empregado,Ativo,Produção,Kissy Sullivan,20,Indeed,Excede,470,Neutro ,0,1/14/2019,0,1
"Moran, Patrick",10223,0,0,1,3,5,3,1," $72.106,00 ",0,20,Técnico de Produção II,MA,2127,12/03/76,H ,Solteiro,Cidadão americano,Não,Negro ou afro-americano,1/9/2012,N/A,N/A - Ainda empregado,Ativo,Produção,Kelley Spirea,18,Feira de Empregos de Diversidade,Atende totalmente,410,Satisfeito ,0,1/31/2019,0,12
"Morway, Tanya",10151,1,1,0,1,3,3,0," $52.599,00 ",0,15,Engenheiro de Redes,MA,2048,04/04/79,M,Casado,Cidadão americano,Não,Branco,2/16/2015,N/A,N/A - Ainda empregado,Ativo,T.I,Peter Monroe,7,Construtor de Carreira,Atende totalmente,381,Neutro ,6,2/11/2019,0,6
"Motlagh,  Dawn",10254,0,2,0,1,5,3,0," $63.430,00 ",0,19,Técnico de Produção I,MA,2453,07/07/84,M,Divorciado,Cidadão americano,Não,Branco,4/1/2013,N/A,N/A - Ainda empregado,Ativo,Produção,Elijiah Gray,16,LinkedIn,Atende totalmente,440,Satisfeito ,0,1/17/2019,0,18
"Moumanil, Maliki ",10120,0,3,1,1,5,3,0," $74.417,00 ",0,20,Técnico de Produção II,MA,1460,12/01/74,H ,Separado,Cidadão americano,Não,Negro ou afro-americano,5/13/2013,N/A,N/A - Ainda empregado,Ativo,Produção,Michael Albert,22,LinkedIn,Atende totalmente,429,Muito Satisfeito ,0,1/28/2019,0,11
"Myers, Michael",10216,0,0,1,1,5,3,0," $57.575,00 ",0,19,Técnico de Produção I,MA,1550,04/18/80,H ,Solteiro,Cidadão americano,Não,Asiático,7/8/2013,N/A,N/A - Ainda empregado,Ativo,Produção,Kissy Sullivan,20,LinkedIn,Atende totalmente,410,Satisfeito ,0,1/22/2019,0,13
"Navathe, Kurt",10079,0,0,1,1,3,3,0," $87.921,00 ",0,22,Desenvolvedor de BI Sênior,MA,2056,04/25/70,H ,Solteiro,Cidadão americano,Não,Asiático,2/10/2017,N/A,N/A - Ainda empregado,Ativo,T.I,Brian Champaigne,13,Indeed,Atende totalmente,500,Neutro ,6,2/25/2019,0,17
"Ndzi, Colombui",10215,0,0,1,5,5,3,1," $50.470,00 ",1,19,Técnico de Produção I,MA,2110,05/02/89,H ,Solteiro,Cidadão americano,Não,Negro ou afro-americano,9/26/2011,4/4/2014,Retorno à escola,Rescindido voluntariamente,Produção,Webster Butler,39,Feira de Empregos de Diversidade,Atende totalmente,430,Neutro ,0,3/2/2013,0,19
"Ndzi, Horia",10185,1,1,1,5,5,3,0," $46.664,00 ",1,19,Técnico de Produção I,MA,2421,03/28/83,H ,Casado,Cidadão americano,Não,Branco,4/1/2013,5/25/2016,mais dinheiro,Rescindido voluntariamente,Produção,Amy Dunn,11,Indicação de funcionários,Atende totalmente,318,Neutro ,0,3/6/2016,0,10
"Newman, Richard ",10063,1,1,1,3,5,3,0," $48.495,00 ",0,19,Técnico de Produção I,MA,2136,04/08/77,H ,Casado,Cidadão americano,Não,Branco,5/12/2014,N/A,N/A - Ainda empregado,Ativo,Produção,Ketsia Liebig,19,LinkedIn,Atende totalmente,500,Muito Satisfeito ,0,2/18/2019,0,11
"Ngodup, Shari ",10037,0,3,0,1,5,4,1," $52.984,00 ",0,19,Técnico de Produção I,MA,1810,06/03/67,M,Separado,Cidadão americano,Não,Negro ou afro-americano,4/1/2013,N/A,N/A - Ainda empregado,Ativo,Produção,Brannon Miller,12,Feira de Empregos de Diversidade,Excede,400,Neutro ,0,2/13/2019,0,12
"Nguyen, Dheepa",10042,0,0,0,1,6,3,0," $63.695,00 ",0,3,Gerente de Vendas da Área,GA,30428,03/31/89,M,Solteiro,Cidadão americano,Não,Duas ou mais corridas,7/8/2013,N/A,N/A - Ainda empregado,Ativo,Venda,Lynn Daneault,21,Indeed,Atende totalmente,500,Muito Satisfeito ,0,1/25/2019,0,2
"Nguyen, Lei-Ming",10206,0,0,0,1,5,3,0," $62.061,00 ",0,19,Técnico de Produção I,MA,2132,07/07/84,M,Solteiro,Cidadão americano,Não,Branco,7/8/2013,N/A,N/A - Ainda empregado,Ativo,Produção,David Stanley,14,LinkedIn,Atende totalmente,360,Muito Satisfeito ,0,1/2/2019,0,4
"Nowlan, Kristie",10104,0,0,0,1,5,3,0," $66.738,00 ",0,20,Técnico de Produção II,MA,1040,11/23/85,M,Solteiro,Cidadão americano,Não,Branco,11/10/2014,N/A,N/A - Ainda empregado,Ativo,Produção,Elijiah Gray,16,Indeed,Atende totalmente,453,Muito Satisfeito ,0,1/16/2019,0,5
"O'hare, Lynn",10303,0,0,0,4,5,1,0," $52.674,00 ",1,19,Técnico de Produção I,MA,2152,09/30/80,M,Solteiro,Cidadão americano,Não,Duas ou mais corridas,3/31/2014,5/1/2018,desempenho,Rescindido por justa causa,Produção,Kissy Sullivan,20,LinkedIn,PMD,233,Insatisfeito,0,3/9/2018,6,3
"Oliver, Brooke ",10078,1,1,0,5,5,3,0," $71.966,00 ",1,20,Técnico de Produção II,MA,2492,02/11/52,M,Casado,Cidadão americano,Não,Asiático,5/14/2012,8/19/2013,infeliz,Rescindido voluntariamente,Produção,Webster Butler,39,LinkedIn,Atende totalmente,500,Neutro ,0,7/2/2013,0,17
"Onque, Jasmine",10121,0,0,0,1,6,3,0," $63.051,00 ",0,3,Gerente de Vendas da Área,FL,33174,05/11/90,M,Solteiro,Cidadão americano,Sim,Branco,9/30/2013,N/A,N/A - Ainda empregado,Ativo,Venda,Lynn Daneault,21,Indeed,Atende totalmente,428,Neutro ,0,1/25/2019,0,1
"Osturnka, Adeel",10021,1,1,1,1,5,4,0," $47.414,00 ",0,19,Técnico de Produção I,MA,2478,12/11/76,H ,Casado,Cidadão americano,Não,Branco,9/30/2013,N/A,N/A - Ainda empregado,Ativo,Produção,Kelley Spirea,18,LinkedIn,Excede,500,Neutro ,0,2/7/2019,0,13
"Owad, Clinton",10281,0,0,1,1,5,2,0," $53.060,00 ",0,19,Técnico de Produção I,MA,1760,11/24/79,H ,Solteiro,Cidadão americano,Não,Negro ou afro-americano,2/17/2014,N/A,N/A - Ainda empregado,Ativo,Produção,Michael Albert,22,LinkedIn,Precisa de melhorias,425,Neutro ,0,2/4/2019,4,6
"Ozark, Travis",10041,0,0,1,1,6,3,0," $68.829,00 ",0,3,Gerente de Vendas da Área,NC,27229,05/19/82,H ,Solteiro,Cidadão americano,Não,Branco,1/5/2015,N/A,N/A - Ainda empregado,Ativo,Venda,John Smith,17,Local na rede Internet,Atende totalmente,500,Muito Satisfeito ,0,1/14/2019,0,18
"Panjwani, Nina",10148,1,1,0,5,5,3,0," $63.515,00 ",1,19,Técnico de Produção I,MA,2351,05/01/79,M,Casado,Cidadão americano,Não,Branco,2/7/2011,1/12/2014,Outra posição,Rescindido voluntariamente,Produção,Elijiah Gray,16,Pesquisa Google,Atende totalmente,389,Satisfeito ,0,3/4/2013,0,7
"Patronick, Lucas",10005,0,0,1,5,4,4,1," $108.987,00 ",1,24,Engenheiro de software,MA,1844,02/20/79,H ,Solteiro,Cidadão americano,Não,Negro ou afro-americano,11/7/2011,9/7/2015,Outra posição,Rescindido voluntariamente,Engenharia de Software,Alex Sweetwater,10,Feira de Empregos de Diversidade,Excede,500,Muito Satisfeito ,3,8/16/2015,0,13
"Pearson, Randall",10259,1,1,1,5,3,3,0," $93.093,00 ",1,9,Analista de Dados,MA,2747,09/05/84,H ,Casado,Cidadão americano,Não,Branco,12/1/2014,5/1/2016,desempenho,Rescindido voluntariamente,T.I,Simon Roup,4,Indicação de funcionários,Atende totalmente,470,Satisfeito ,5,1/16/2016,0,19
"Smith, Martin",10286,0,0,1,5,5,2,0," $53.564,00 ",1,19,Técnico de Produção I,MA,2458,03/17/88,H ,Solteiro,Cidadão americano,Não,Negro ou afro-americano,1/10/2011,12/28/2017,Mudança de carreira,Rescindido voluntariamente,Produção,Webster Butler,39,Pesquisa Google,Precisa de melhorias,354,Muito Satisfeito ,0,4/6/2017,4,15
"Pelletier, Ermine",10297,1,1,0,5,5,2,0," $60.270,00 ",1,20,Técnico de Produção II,MA,2472,07/18/89,M,Casado,Cidadão americano,Não,Asiático,7/5/2011,9/15/2015,infeliz,Rescindido voluntariamente,Produção,Amy Dunn,11,Construtor de Carreira,Precisa de melhorias,240,Muito Satisfeito ,0,2/6/2015,5,2
"Perry, Shakira",10171,0,0,0,5,5,3,0," $45.998,00 ",1,19,Técnico de Produção I,MA,2176,07/20/86,M,Solteiro,Cidadão americano,Não,Branco,5/16/2011,10/25/2015,problemas médicos,Rescindido voluntariamente,Produção,Amy Dunn,11,LinkedIn,Atende totalmente,345,Satisfeito ,0,5/13/2014,0,5
"Peters, Lauren",10032,1,1,0,5,5,4,0," $57.954,00 ",1,20,Técnico de Produção II,MA,1886,08/17/86,M,Casado,Cidadão americano,Não,Branco,5/16/2011,2/4/2013,mais dinheiro,Rescindido voluntariamente,Produção,Ketsia Liebig,19,Indeed,Excede,420,Muito Satisfeito ,0,1/10/2013,0,12
"Peterson, Ebonee  ",10130,1,1,0,5,5,3,0," $74.669,00 ",1,18,Gerente de Produção,MA,2030,05/09/77,M,Casado,Cidadão americano,Não,Branco,10/25/2010,5/18/2016,Outra posição,Rescindido voluntariamente,Produção,Janet King,2,Indeed,Atende totalmente,416,Muito Satisfeito ,0,3/5/2015,0,6
"Petingill, Shana  ",10217,1,1,0,1,5,3,0," $74.226,00 ",0,20,Técnico de Produção II,MA,2050,03/10/79,M,Casado,Não cidadão elegível,Não,Asiático,4/2/2012,N/A,N/A - Ainda empregado,Ativo,Produção,Brannon Miller,12,LinkedIn,Atende totalmente,430,Neutro ,0,1/14/2019,0,14
"Petrowsky, Thelma",10016,1,1,0,1,3,4,0," $93.554,00 ",0,9,Analista de Dados,MA,1886,09/16/84,M,Casado,Cidadão americano,Não,Negro ou afro-americano,11/10/2014,N/A,N/A - Ainda empregado,Ativo,T.I,Simon Roup,4,Indicação de funcionários,Excede,460,Muito Satisfeito ,7,1/4/2019,0,16
"Pham, Hong",10050,1,1,1,5,5,3,0," $64.724,00 ",1,19,Técnico de Produção I,MA,2451,03/06/88,H ,Casado,Cidadão americano,Não,Asiático,7/5/2011,11/30/2012,mais dinheiro,Rescindido voluntariamente,Produção,Brannon Miller,12,Pesquisa Google,Atende totalmente,500,Neutro ,0,2/20/2012,0,13
"Pitt, Brad ",10164,0,0,1,1,5,3,0," $47.001,00 ",0,19,Técnico de Produção I,MA,2451,11/23/81,H ,Solteiro,Cidadão americano,Não,Branco,11/5/2007,N/A,N/A - Ainda empregado,Ativo,Produção,David Stanley,14,Pesquisa Google,Atende totalmente,366,Neutro ,0,2/25/2019,0,15
"Potts, Xana",10124,1,1,0,1,6,3,0," $61.844,00 ",0,3,Gerente de Vendas da Área,KY,40220,08/29/88,M,Casado,Cidadão americano,Não,Negro ou afro-americano,1/9/2012,N/A,N/A - Ainda empregado,Ativo,Venda,Lynn Daneault,21,Local na rede Internet,Atende totalmente,420,Muito Satisfeito ,0,2/1/2019,0,9
"Power, Morissa",10187,0,2,0,5,5,3,0," $46.799,00 ",1,19,Técnico de Produção I,MA,1742,10/15/84,M,Divorciado,Não cidadão elegível,Não,Asiático,5/16/2011,6/4/2018,Outra posição,Rescindido voluntariamente,Produção,Kissy Sullivan,20,Pesquisa Google,Atende totalmente,317,Satisfeito ,0,4/2/2018,0,14
"Punjabhi, Louis  ",10225,0,0,1,1,5,3,0," $59.472,00 ",0,19,Técnico de Produção I,MA,2109,06/19/61,H ,Solteiro,Cidadão americano,Não,Branco,1/6/2014,N/A,N/A - Ainda empregado,Ativo,Produção,Kelley Spirea,18,Indicação de funcionários,Atende totalmente,480,Neutro ,0,1/7/2019,0,14
"Purinton, Janine",10262,0,2,0,5,5,3,0," $46.430,00 ",1,19,Técnico de Produção I,MA,2474,09/22/70,M,Divorciado,Cidadão americano,Não,Branco,9/24/2012,6/18/2013,infeliz,Rescindido voluntariamente,Produção,Kissy Sullivan,20,Indeed,Atende totalmente,450,Muito Satisfeito ,0,4/2/2013,0,16
"Quinn, Sean",10131,1,1,1,5,1,3,1," $83.363,00 ",1,23,Engenheiro de software,MA,2045,11/06/84,H ,Casado,Não cidadão elegível,Não,Negro ou afro-americano,2/21/2011,8/15/2015,Mudança de carreira,Rescindido voluntariamente,Engenharia de Software,Janet King,2,Feira de Empregos de Diversidade,Atende totalmente,415,Satisfeito ,0,4/19/2014,0,4
"Rachael, Maggie",10239,1,1,0,1,3,3,0," $95.920,00 ",0,4,Desenvolvedor de BI,MA,2110,05/12/80,M,Casado,Cidadão americano,Não,Negro ou afro-americano,10/2/2016,N/A,N/A - Ainda empregado,Ativo,T.I,Brian Champaigne,13,Indeed,Atende totalmente,440,Satisfeito ,6,2/6/2019,0,10
"Rarrick, Quinn",10152,0,2,1,5,5,3,0," $61.729,00 ",1,19,Técnico de Produção I,MA,2478,12/31/84,H ,Divorciado,Cidadão americano,Não,Branco,9/26/2011,4/7/2018,mais dinheiro,Rescindido voluntariamente,Produção,Michael Albert,22,Indeed,Atende totalmente,380,Muito Satisfeito ,0,2/4/2018,0,19
"Ren, Kylo",10140,1,1,1,1,6,3,0," $61.809,00 ",0,3,Gerente de Vendas da Área,ID,83706,10/12/54,H ,Casado,Cidadão americano,Não,Branco,5/12/2014,N/A,N/A - Ainda empregado,Ativo,Venda,John Smith,17,Construtor de Carreira,Atende totalmente,398,Neutro ,0,1/28/2019,0,4
"Rhoads, Thomas",10058,0,2,1,5,5,3,0," $45.115,00 ",1,19,Técnico de Produção I,MA,2176,07/22/82,H ,Divorciado,Cidadão americano,Sim,Branco,5/16/2011,1/15/2016,Aposentar,Rescindido voluntariamente,Produção,Elijiah Gray,16,LinkedIn,Atende totalmente,500,Satisfeito ,0,3/30/2015,0,11
"Rivera, Haley  ",10011,1,1,0,1,5,4,0," $46.738,00 ",0,19,Técnico de Produção I,MA,2171,01/12/73,M,Casado,Cidadão americano,Não,Asiático,11/28/2011,N/A,N/A - Ainda empregado,Ativo,Produção,Webster Butler,,Pesquisa Google,Excede,436,Muito Satisfeito ,0,2/11/2019,0,16
"Roberson, May",10230,0,2,0,5,5,3,0," $64.971,00 ",1,20,Técnico de Produção II,MA,1902,09/05/81,M,Divorciado,Não cidadão elegível,Não,Negro ou afro-americano,9/26/2011,10/22/2011,Retorno à escola,Rescindido voluntariamente,Produção,David Stanley,14,Pesquisa Google,Atende totalmente,450,Satisfeito ,0,10/22/2011,0,10
"Robertson, Peter",10224,1,1,1,5,5,3,0," $55.578,00 ",1,20,Técnico de Produção II,MA,2138,07/03/72,H ,Casado,Cidadão americano,Não,Branco,7/5/2011,2/8/2012,Outra posição,Rescindido voluntariamente,Produção,Kissy Sullivan,20,Indeed,Atende totalmente,420,Muito Satisfeito ,0,1/6/2012,0,13
"Robinson, Alain  ",10047,1,1,1,5,5,3,0," $50.428,00 ",1,19,Técnico de Produção I,MA,1420,01/07/74,H ,Casado,Cidadão americano,Não,Negro ou afro-americano,1/10/2011,1/26/2016,assiduidade,Rescindido voluntariamente,Produção,Amy Dunn,11,Indeed,Atende totalmente,500,Neutro ,0,1/10/2015,0,11
"Robinson, Cherly",10285,1,1,0,4,5,2,0," $61.422,00 ",1,19,Técnico de Produção I,MA,1460,01/07/85,M,Casado,Cidadão americano,Não,Branco,1/10/2011,5/17/2016,assiduidade,Rescindido por justa causa,Produção,Ketsia Liebig,19,Indeed,Precisa de melhorias,360,Neutro ,0,4/5/2016,4,16
"Robinson, Elias",10020,0,4,1,1,5,4,0," $63.353,00 ",0,19,Técnico de Produção I,MA,1730,01/28/85,H ,Viúva,Cidadão americano,Não,Branco,7/8/2013,N/A,N/A - Ainda empregado,Ativo,Produção,Brannon Miller,12,Indicação de funcionários,Excede,360,Muito Satisfeito ,0,2/11/2019,0,4
"Roby, Lori ",10162,1,1,0,1,3,3,0," $89.883,00 ",0,9,Analista de Dados,MA,1886,10/11/81,M,Casado,Cidadão americano,Não,Branco,2/16/2015,N/A,N/A - Ainda empregado,Ativo,T.I,Simon Roup,4,Indicação de funcionários,Atende totalmente,369,Muito Satisfeito ,6,2/14/2019,0,15
"Roehrich, Bianca",10149,0,0,0,5,3,3,0," $120.000,00 ",1,29,Arquiteto de Dados Principal,MA,2703,05/27/73,M,Solteiro,Cidadão americano,Sim,Branco,1/5/2015,11/10/2018,Outra posição,Rescindido voluntariamente,T.I,Simon Roup,4,LinkedIn,Atende totalmente,388,Neutro ,7,2/13/2018,0,12
"Roper, Katie",10086,0,0,0,1,3,3,0," $150.290,00 ",0,7,Arquiteto de Dados,MA,2056,11/21/72,M,Solteiro,Cidadão americano,Não,Negro ou afro-americano,1/7/2017,N/A,N/A - Ainda empregado,Ativo,T.I,Brian Champaigne,13,Indeed,Atende totalmente,494,Neutro ,5,2/6/2019,0,17
"Rose, Ashley  ",10054,0,3,0,1,5,3,0," $60.627,00 ",0,19,Técnico de Produção I,MA,1886,12/05/74,M,Separado,Cidadão americano,Não,Branco,1/6/2014,N/A,N/A - Ainda empregado,Ativo,Produção,David Stanley,14,Local na rede Internet,Atende totalmente,500,Satisfeito ,0,1/31/2019,0,8
"Rossetti, Bruno",10065,0,0,1,5,5,3,0," $53.180,00 ",1,19,Técnico de Produção I,MA,2155,03/18/87,H ,Solteiro,Cidadão americano,Não,Branco,4/4/2011,8/13/2018,Outra posição,Rescindido voluntariamente,Produção,Kissy Sullivan,20,Pesquisa Google,Atende totalmente,500,Muito Satisfeito ,0,7/2/2018,0,4
"Roup,Simon",10198,0,0,1,1,3,3,0," $140.920,00 ",0,13,Gerente de TI - DB,MA,2481,04/05/73,H ,Solteiro,Cidadão americano,Não,Branco,1/20/2013,N/A,N/A - Ainda empregado,Ativo,T.I,Jennifer Zamora,5,Indeed,Atende totalmente,360,Muito Satisfeito ,7,2/18/2019,0,13
"Ruiz, Ricardo",10222,0,2,1,5,3,3,1," $148.999,00 ",1,13,Gerente de TI - DB,MA,1915,01/04/64,H ,Divorciado,Cidadão americano,Não,Negro ou afro-americano,1/9/2012,11/4/2015,Horas,Rescindido voluntariamente,T.I,Jennifer Zamora,5,Feira de Empregos de Diversidade,Atende totalmente,430,Satisfeito ,6,1/4/2015,0,8
"Saada, Adell",10126,1,1,0,1,4,3,0," $86.214,00 ",0,24,Engenheiro de software,MA,2132,07/24/86,M,Casado,Cidadão americano,Não,Branco,11/5/2012,N/A,N/A - Ainda empregado,Ativo,Engenharia de Software,Alex Sweetwater,10,Indeed,Atende totalmente,420,Neutro ,6,2/13/2019,0,2
"Saar-Beckles, Melinda",10295,0,0,0,2,5,2,1," $47.750,00 ",0,19,Técnico de Produção I,MA,1801,06/06/68,M,Solteiro,Cidadão americano,Não,Negro ou afro-americano,7/4/2016,N/A,N/A - Ainda empregado,Ativo,Produção,Kelley Spirea,18,Feira de Empregos de Diversidade,Precisa de melhorias,260,Satisfeito ,0,2/18/2019,5,4
"Sadki, Nore  ",10260,0,0,1,5,5,3,0," $46.428,00 ",1,19,Técnico de Produção I,MA,2148,12/21/74,H ,Solteiro,Cidadão americano,Não,Branco,1/5/2009,7/30/2018,realocação fora da área,Rescindido voluntariamente,Produção,Michael Albert,22,Pesquisa Google,Atende totalmente,460,Muito Satisfeito ,0,2/5/2018,0,7
"Sahoo, Adil",10233,1,1,1,1,5,3,0," $57.975,00 ",0,20,Técnico de Produção II,MA,2062,04/26/86,H ,Casado,Cidadão americano,Não,Branco,8/30/2010,N/A,N/A - Ainda empregado,Ativo,Produção,Kelley Spirea,18,Construtor de Carreira,Atende totalmente,410,Neutro ,0,1/10/2019,0,13
"Salter, Jason",10229,0,2,1,5,3,3,0," $88.527,00 ",1,9,Analista de Dados,MA,2452,12/17/87,H ,Divorciado,Cidadão americano,Não,Negro ou afro-americano,1/5/2015,10/31/2015,Horas,Rescindido voluntariamente,T.I,Simon Roup,4,LinkedIn,Atende totalmente,420,Neutro ,5,4/20/2015,0,2
"Sander, Kamrin",10169,1,1,0,1,5,3,0," $56.147,00 ",0,19,Técnico de Produção I,MA,2154,07/10/88,M,Casado,Cidadão americano,Não,Negro ou afro-americano,9/29/2014,N/A,N/A - Ainda empregado,Ativo,Produção,Elijiah Gray,16,LinkedIn,Atende totalmente,351,Neutro ,0,2/18/2019,0,2
"Sewkumar, Nori",10071,0,0,0,3,5,3,0," $50.923,00 ",0,19,Técnico de Produção I,MA,2191,03/10/75,M,Solteiro,Cidadão americano,Não,Asiático,9/30/2013,N/A,N/A - Ainda empregado,Ativo,Produção,Webster Butler,,Pesquisa Google,Atende totalmente,500,Muito Satisfeito ,0,2/6/2019,0,14
"Shepard, Anita ",10179,1,1,0,1,3,3,0," $50.750,00 ",0,15,Engenheiro de Redes,MA,1773,04/14/81,M,Casado,Cidadão americano,Não,Branco,9/30/2014,N/A,N/A - Ainda empregado,Ativo,T.I,Peter Monroe,7,LinkedIn,Atende totalmente,331,Neutro ,6,1/7/2019,0,7
"Shields, Seffi",10091,1,1,0,1,5,3,0," $52.087,00 ",0,19,Técnico de Produção I,MA,2149,08/24/85,M,Casado,Cidadão americano,Não,Branco,8/19/2013,N/A,N/A - Ainda empregado,Ativo,Produção,Amy Dunn,11,LinkedIn,Atende totalmente,481,Satisfeito ,0,2/15/2019,0,15
"Simard, Kramer",10178,1,1,1,1,3,3,0," $87.826,00 ",0,9,Analista de Dados,MA,2110,02/08/70,H ,Casado,Cidadão americano,Sim,Branco,1/5/2015,N/A,N/A - Ainda empregado,Ativo,T.I,Simon Roup,4,Indicação de funcionários,Atende totalmente,332,Neutro ,7,1/14/2019,0,16
"Singh, Nan ",10039,0,0,0,1,1,3,0," $51.920,00 ",0,2,Assistente Administrativo,MA,2330,05/19/88,M,Solteiro,Cidadão americano,Não,Branco,5/1/2015,N/A,N/A - Ainda empregado,Ativo,Escritórios administrativos,Brandon R. LeBlanc,1,Local na rede Internet,Atende totalmente,500,Neutro ,5,1/15/2019,0,2
"Sloan, Constance",10095,0,0,0,5,5,3,0," $63.878,00 ",1,20,Técnico de Produção II,MA,1851,11/25/87,M,Solteiro,Cidadão americano,Não,Branco,10/26/2009,4/8/2015,Licença maternidade - não retornou,Rescindido voluntariamente,Produção,Michael Albert,22,Construtor de Carreira,Atende totalmente,468,Satisfeito ,0,4/2/2015,0,20
"Smith, Joe",10027,0,0,1,1,5,4,0," $60.656,00 ",0,20,Técnico de Produção II,MA,2045,10/30/63,H ,Solteiro,Cidadão americano,Não,Branco,9/29/2014,N/A,N/A - Ainda empregado,Ativo,Produção,Elijiah Gray,16,Indeed,Excede,430,Neutro ,0,1/28/2019,0,4
"Smith, John",10291,0,2,1,1,6,2,1," $72.992,00 ",0,21,Gerente de Vendas,MA,1886,08/16/84,H ,Divorciado,Cidadão americano,Não,Negro ou afro-americano,5/18/2014,N/A,N/A - Ainda empregado,Ativo,Venda,Debra Houlihan,15,Feira de Empregos de Diversidade,Precisa de melhorias,240,Satisfeito ,0,1/16/2019,2,16
"Smith, Leigh Ann",10153,1,1,0,5,1,3,1," $55.000,00 ",1,2,Assistente Administrativo,MA,1844,06/14/87,M,Casado,Cidadão americano,Não,Negro ou afro-americano,9/26/2011,9/25/2013,Mudança de carreira,Rescindido voluntariamente,Escritórios administrativos,Brandon R. LeBlanc,1,Feira de Empregos de Diversidade,Atende totalmente,380,Satisfeito ,4,8/15/2013,0,17
"Smith, Sade",10157,0,0,0,1,5,3,0," $58.939,00 ",0,19,Técnico de Produção I,MA,2130,02/02/65,M,Solteiro,Cidadão americano,Não,Branco,11/11/2013,N/A,N/A - Ainda empregado,Ativo,Produção,Ketsia Liebig,19,Indicação de funcionários,Atende totalmente,373,Neutro ,0,1/24/2019,0,16
"Soto, Julia ",10119,1,1,0,1,3,3,0," $66.593,00 ",0,14,Suporte de TI,MA,2360,03/12/73,M,Casado,Cidadão americano,Não,Negro ou afro-americano,6/10/2011,N/A,N/A - Ainda empregado,Ativo,T.I,Eric Dougall,6,LinkedIn,Atende totalmente,430,Neutro ,5,2/8/2019,0,19
"Soze, Keyser",10180,1,1,1,2,3,3,0," $87.565,00 ",0,28,Engenheiro de rede sênior,MA,1545,02/09/83,H ,Casado,Cidadão americano,Não,Asiático,6/30/2016,N/A,N/A - Ainda empregado,Ativo,T.I,Peter Monroe,7,LinkedIn,Atende totalmente,327,Satisfeito ,5,1/14/2019,0,13
"Sparks, Taylor  ",10302,1,1,0,1,5,1,0," $64.021,00 ",0,19,Técnico de Produção I,MA,2093,07/20/68,M,Casado,Cidadão americano,Não,Branco,2/20/2012,N/A,N/A - Ainda empregado,Ativo,Produção,Brannon Miller,12,Indeed,PMD,240,Insatisfeito,1,2/25/2019,6,20
"Spirea, Kelley",10090,1,1,0,1,5,3,0," $65.714,00 ",0,18,Gerente de Produção,MA,2451,09/30/75,M,Casado,Cidadão americano,Não,Branco,10/2/2012,N/A,N/A - Ainda empregado,Ativo,Produção,Janet King,2,LinkedIn,Atende totalmente,483,Muito Satisfeito ,0,2/14/2019,0,15
"Squatrito, Kristen",10030,0,2,0,5,5,4,0," $62.425,00 ",1,19,Técnico de Produção I,MA,2359,03/26/73,M,Divorciado,Cidadão americano,Não,Branco,5/13/2013,6/29/2015,infeliz,Rescindido voluntariamente,Produção,David Stanley,14,LinkedIn,Excede,410,Satisfeito ,0,3/2/2015,0,16
"Stanford,Barbara  M",10278,0,2,0,1,5,3,0," $47.961,00 ",0,19,Técnico de Produção I,MA,2050,08/25/82,M,Divorciado,Cidadão americano,Não,Duas ou mais corridas,1/10/2011,N/A,N/A - Ainda empregado,Ativo,Produção,Kissy Sullivan,20,Pesquisa Google,Atende totalmente,410,Satisfeito ,0,2/7/2019,0,9
"Stansfield, Norman",10307,1,1,1,1,6,1,0," $58.273,00 ",0,3,Gerente de Vendas da Área,NV,89139,05/09/74,H ,Casado,Cidadão americano,Não,Branco,5/12/2014,N/A,N/A - Ainda empregado,Ativo,Venda,Lynn Daneault,21,Local na rede Internet,PMD,181,Insatisfeito,0,1/17/2019,3,5
"Steans, Tyrone  ",10147,0,0,1,1,1,3,0," $63.003,00 ",0,1,Contabilista I,MA,2703,09/01/86,H ,Solteiro,Cidadão americano,Não,Branco,9/29/2014,N/A,N/A - Ainda empregado,Ativo,Escritórios administrativos,Brandon R. LeBlanc,1,Indeed,Atende totalmente,390,Muito Satisfeito ,5,1/18/2019,0,9
"Stoica, Rick",10266,1,1,1,1,5,3,0," $61.355,00 ",0,19,Técnico de Produção I,MA,2301,03/14/85,H ,Casado,Cidadão americano,Não,Asiático,2/17/2014,N/A,N/A - Ainda empregado,Ativo,Produção,Kelley Spirea,18,LinkedIn,Atende totalmente,470,Neutro ,0,1/11/2019,0,4
"Strong, Caitrin",10241,1,1,0,1,6,3,0," $60.120,00 ",0,3,Gerente de Vendas da Área,MT,59102,05/12/89,M,Casado,Cidadão americano,Não,Negro ou afro-americano,9/27/2010,N/A,N/A - Ainda empregado,Ativo,Venda,John Smith,17,Indeed,Atende totalmente,410,Satisfeito ,0,1/31/2019,0,18
"Sullivan, Kissy ",10158,1,1,0,1,5,3,0," $63.682,00 ",0,18,Gerente de Produção,MA,1776,03/28/78,M,Casado,Cidadão americano,Não,Negro ou afro-americano,1/8/2009,N/A,N/A - Ainda empregado,Ativo,Produção,Janet King,2,Indeed,Atende totalmente,373,Satisfeito ,0,1/24/2019,0,12
"Sullivan, Timothy",10117,1,1,1,1,5,3,0," $63.025,00 ",0,19,Técnico de Produção I,MA,2747,10/07/82,H ,Casado,Cidadão americano,Sim,Branco,1/5/2015,N/A,N/A - Ainda empregado,Ativo,Produção,Michael Albert,22,Pesquisa Google,Atende totalmente,436,Muito Satisfeito ,0,1/24/2019,0,10
"Sutwell, Barbara",10209,0,0,0,1,5,3,0," $59.238,00 ",0,19,Técnico de Produção I,MA,2718,08/15/68,M,Solteiro,Não cidadão elegível,Não,Asiático,5/14/2012,N/A,N/A - Ainda empregado,Ativo,Produção,Elijiah Gray,16,Indeed,Atende totalmente,340,Muito Satisfeito ,0,1/31/2019,0,13
"Szabo, Andrew",10024,0,0,1,1,4,4,0," $92.989,00 ",0,24,Engenheiro de software,MA,2140,05/06/83,H ,Solteiro,Cidadão americano,Não,Branco,7/7/2014,N/A,N/A - Ainda empregado,Ativo,Engenharia de Software,Alex Sweetwater,10,LinkedIn,Excede,450,Muito Satisfeito ,5,2/18/2019,0,1
"Tannen, Biff",10173,1,1,1,1,3,3,0," $90.100,00 ",0,4,Desenvolvedor de BI,MA,2134,10/24/87,H ,Casado,Cidadão americano,Não,Branco,4/20/2017,N/A,N/A - Ainda empregado,Ativo,T.I,Brian Champaigne,13,Indeed,Atende totalmente,340,Neutro ,6,1/2/2019,0,14
"Tavares, Desiree  ",10221,1,1,0,5,5,3,1," $60.754,00 ",1,19,Técnico de Produção I,MA,1801,04/03/75,M,Casado,Não-cidadão,Não,Negro ou afro-americano,4/27/2009,4/1/2013,Outra posição,Rescindido voluntariamente,Produção,Webster Butler,39,Feira de Empregos de Diversidade,Atende totalmente,450,Muito Satisfeito ,0,2/15/2012,0,11
"Tejeda, Lenora ",10146,1,1,0,5,5,3,0," $72.202,00 ",1,20,Técnico de Produção II,MA,2129,05/24/53,M,Casado,Cidadão americano,Não,Branco,5/16/2011,7/8/2017,Outra posição,Rescindido voluntariamente,Produção,Elijiah Gray,16,Pesquisa Google,Atende totalmente,393,Neutro ,0,4/18/2017,0,3
"Terry, Sharlene ",10161,0,0,0,1,6,3,0," $58.370,00 ",0,3,Gerente de Vendas da Área,OR,97756,05/07/65,M,Solteiro,Cidadão americano,Não,Negro ou afro-americano,9/29/2014,N/A,N/A - Ainda empregado,Ativo,Venda,Lynn Daneault,21,Indeed,Atende totalmente,369,Neutro ,0,1/28/2019,0,18
"Theamstern, Sophia",10141,0,0,0,5,5,3,0," $48.413,00 ",1,19,Técnico de Produção I,MA,2066,05/09/65,M,Solteiro,Cidadão americano,Não,Branco,7/5/2011,9/5/2016,Retorno à escola,Rescindido voluntariamente,Produção,Amy Dunn,11,Indeed,Atende totalmente,398,Satisfeito ,0,3/2/2016,0,1
"Thibaud, Kenneth",10268,0,4,1,5,5,3,0," $67.176,00 ",1,20,Técnico de Produção II,MA,2472,09/16/75,H ,Viúva,Cidadão americano,Não,Branco,6/25/2007,8/30/2010,militar,Rescindido voluntariamente,Produção,Webster Butler,39,Outro,Atende totalmente,410,Satisfeito ,0,7/14/2010,0,15
"Tippett, Jeanette",10123,0,2,0,1,5,3,0," $56.339,00 ",0,19,Técnico de Produção I,MA,2093,06/05/67,M,Divorciado,Cidadão americano,Não,Negro ou afro-americano,2/18/2013,N/A,N/A - Ainda empregado,Ativo,Produção,Brannon Miller,12,Indeed,Atende totalmente,421,Muito Satisfeito ,0,1/14/2019,0,4
"Torrence, Jack",10013,0,3,1,1,6,4,0," $64.397,00 ",0,3,Gerente de Vendas da Área,ND,58782,01/15/68,H ,Separado,Cidadão americano,Não,Branco,1/9/2006,N/A,N/A - Ainda empregado,Ativo,Venda,Lynn Daneault,21,Indeed,Excede,410,Neutro ,0,1/4/2019,0,6
"Trang, Mei",10287,0,0,0,1,5,2,0," $63.025,00 ",0,19,Técnico de Produção I,MA,2021,05/16/83,M,Solteiro,Cidadão americano,Não,Branco,2/17/2014,N/A,N/A - Ainda empregado,Ativo,Produção,David Stanley,14,LinkedIn,Precisa de melhorias,244,Muito Satisfeito ,0,2/11/2019,4,18
"Tredinnick, Neville ",10044,1,1,1,5,3,3,0," $75.281,00 ",1,15,Engenheiro de Redes,MA,1420,05/05/88,H ,Casado,Cidadão americano,Não,Branco,1/5/2015,2/12/2016,problemas médicos,Rescindido voluntariamente,T.I,Peter Monroe,7,Construtor de Carreira,Atende totalmente,500,Neutro ,5,4/15/2015,0,11
"True, Edward",10102,0,0,1,5,4,3,1," $100.416,00 ",1,24,Engenheiro de software,MA,2451,06/14/83,H ,Solteiro,Não-cidadão,Não,Negro ou afro-americano,2/18/2013,4/15/2018,problemas médicos,Rescindido voluntariamente,Engenharia de Software,Alex Sweetwater,10,Feira de Empregos de Diversidade,Atende totalmente,460,Neutro ,4,2/12/2017,0,9
"Trzeciak, Cybil",10270,0,0,0,5,5,3,0," $74.813,00 ",1,20,Técnico de Produção II,MA,1778,03/15/85,M,Solteiro,Cidadão americano,Não,Branco,1/10/2011,7/2/2014,infeliz,Rescindido voluntariamente,Produção,Amy Dunn,11,LinkedIn,Atende totalmente,440,Neutro ,0,1/5/2014,0,5
"Turpin, Jumil",10045,1,1,1,1,3,3,0," $76.029,00 ",0,15,Engenheiro de Redes,MA,2343,03/31/69,H ,Casado,Não cidadão elegível,Não,Branco,3/30/2015,N/A,N/A - Ainda empregado,Ativo,T.I,Peter Monroe,7,Indicação de funcionários,Atende totalmente,500,Satisfeito ,7,1/14/2019,0,8
"Valentin,Jackie",10205,1,1,0,1,6,3,0," $57.859,00 ",0,3,Gerente de Vendas da Área,AZ,85006,05/23/91,M,Casado,Cidadão americano,Não,Duas ou mais corridas,7/5/2011,N/A,N/A - Ainda empregado,Ativo,Venda,John Smith,17,Indeed,Atende totalmente,281,Neutro ,0,1/17/2019,0,16
"Veera, Abdellah ",10014,0,2,1,5,5,4,0," $58.523,00 ",1,19,Técnico de Produção I,MA,2171,01/31/87,H ,Divorciado,Cidadão americano,Não,Branco,8/13/2012,2/5/2016,Licença maternidade - não retornou,Rescindido voluntariamente,Produção,Kissy Sullivan,20,LinkedIn,Excede,450,Muito Satisfeito ,0,2/1/2016,0,15
"Vega, Vincent",10144,0,2,1,1,5,3,0," $88.976,00 ",0,17,Gerente de Produção,MA,2169,10/10/68,H ,Divorciado,Cidadão americano,Não,Branco,8/1/2011,N/A,N/A - Ainda empregado,Ativo,Produção,Janet King,2,Indicação de funcionários,Atende totalmente,393,Neutro ,0,2/27/2019,0,19
"Villanueva, Noah",10253,0,0,1,1,6,3,0," $55.875,00 ",0,3,Gerente de Vendas da Área,ME,4063,07/11/89,H ,Solteiro,Cidadão americano,Não,Asiático,3/5/2012,N/A,N/A - Ainda empregado,Ativo,Venda,John Smith,17,Local na rede Internet,Atende totalmente,450,Satisfeito ,0,1/18/2019,0,11
"Voldemort, Lord",10118,1,1,1,4,3,3,0," $113.999,00 ",1,8,Administrador de Banco de Dados,MA,1960,08/07/86,H ,Casado,Cidadão americano,Não,Negro ou afro-americano,2/16/2015,2/22/2017,"no-call, no-show",Rescindido por justa causa,T.I,Simon Roup,4,Indicação de funcionários,Atende totalmente,433,Neutro ,7,2/15/2017,0,9
"Volk, Colleen",10022,1,1,0,4,5,4,0," $49.773,00 ",1,19,Técnico de Produção I,MA,2747,06/03/86,M,Casado,Cidadão americano,Não,Branco,9/26/2011,2/8/2016,Má conduta grave,Rescindido por justa causa,Produção,Kelley Spirea,18,Pesquisa Google,Excede,430,Muito Satisfeito ,0,2/1/2015,0,18
"Von Massenbach, Anna",10183,0,0,0,2,5,3,0," $62.068,00 ",0,19,Técnico de Produção I,MA,2124,04/06/85,M,Solteiro,Cidadão americano,Não,Branco,7/5/2015,N/A,N/A - Ainda empregado,Ativo,Produção,Michael Albert,22,LinkedIn,Atende totalmente,321,Neutro ,0,1/29/2019,0,7
"Walker, Roger",10190,0,0,1,1,5,3,0," $66.541,00 ",0,20,Técnico de Produção II,MA,2459,02/10/76,H ,Solteiro,Cidadão americano,Não,Negro ou afro-americano,8/18/2014,N/A,N/A - Ainda empregado,Ativo,Produção,Ketsia Liebig,19,Indicação de funcionários,Atende totalmente,311,Muito Satisfeito ,0,2/12/2019,0,4
"Wallace, Courtney  E",10274,1,1,0,5,5,3,1," $80.512,00 ",1,18,Gerente de Produção,MA,2478,11/14/55,M,Casado,Cidadão americano,Não,Negro ou afro-americano,9/26/2011,1/2/2012,Outra posição,Rescindido voluntariamente,Produção,Janet King,2,Feira de Empregos de Diversidade,Atende totalmente,450,Neutro ,0,1/2/2012,0,5
"Wallace, Theresa",10293,0,0,0,5,5,2,0," $50.274,00 ",1,19,Técnico de Produção I,MA,1887,08/02/80,M,Solteiro,Cidadão americano,Não,Branco,8/13/2012,9/1/2015,Mudança de carreira,Rescindido voluntariamente,Produção,Elijiah Gray,16,Construtor de Carreira,Precisa de melhorias,250,Neutro ,0,9/5/2014,6,13
"Wang, Charlie",10172,0,0,1,1,3,3,0," $84.903,00 ",0,22,Desenvolvedor de BI Sênior,MA,1887,07/08/81,H ,Solteiro,Cidadão americano,Não,Asiático,2/15/2017,N/A,N/A - Ainda empregado,Ativo,T.I,Brian Champaigne,13,Indeed,Atende totalmente,342,Satisfeito ,7,1/4/2019,0,17
"Warfield, Sarah",10127,0,4,0,1,3,3,0," $107.226,00 ",0,28,Engenheiro de rede sênior,MA,2453,05/02/78,M,Viúva,Cidadão americano,Não,Asiático,3/30/2015,N/A,N/A - Ainda empregado,Ativo,T.I,Peter Monroe,7,Indicação de funcionários,Atende totalmente,420,Satisfeito ,8,2/5/2019,0,7
"Whittier, Scott",10072,0,0,1,5,5,3,0," $58.371,00 ",1,19,Técnico de Produção I,MA,2030,05/24/87,H ,Solteiro,Cidadão americano,Sim,Branco,1/10/2011,5/15/2014,Horas,Rescindido voluntariamente,Produção,Webster Butler,39,LinkedIn,Atende totalmente,500,Muito Satisfeito ,0,5/15/2014,0,11
"Wilber, Barry",10048,1,1,1,5,5,3,0," $55.140,00 ",1,19,Técnico de Produção I,MA,2324,09/09/65,H ,Casado,Não cidadão elegível,Não,Branco,5/16/2011,9/7/2015,infeliz,Rescindido voluntariamente,Produção,Amy Dunn,11,Local na rede Internet,Atende totalmente,500,Neutro ,0,2/15/2015,0,7
"Wilkes, Annie",10204,0,2,0,5,5,3,0," $58.062,00 ",1,19,Técnico de Produção I,MA,1876,07/30/83,M,Divorciado,Cidadão americano,Não,Branco,1/10/2011,5/14/2012,Outra posição,Rescindido voluntariamente,Produção,Ketsia Liebig,19,Pesquisa Google,Atende totalmente,360,Muito Satisfeito ,0,2/6/2011,0,9
"Williams, Jacquelyn  ",10264,0,0,0,5,5,3,1," $59.728,00 ",1,19,Técnico de Produção I,MA,2109,10/02/69,M,Solteiro,Cidadão americano,Sim,Negro ou afro-americano,1/9/2012,6/27/2015,realocação fora da área,Rescindido voluntariamente,Produção,Ketsia Liebig,19,Feira de Empregos de Diversidade,Atende totalmente,430,Satisfeito ,0,6/2/2014,0,16
"Winthrop, Jordan  ",10033,0,0,1,5,5,4,0," $70.507,00 ",1,20,Técnico de Produção II,MA,2045,11/07/58,H ,Solteiro,Cidadão americano,Não,Branco,1/7/2013,2/21/2016,Aposentar,Rescindido voluntariamente,Produção,Brannon Miller,12,LinkedIn,Excede,500,Neutro ,0,1/19/2016,0,7
"Wolk, Hang  T",10174,0,0,0,1,5,3,0," $60.446,00 ",0,20,Técnico de Produção II,MA,2302,04/20/85,M,Solteiro,Cidadão americano,Não,Branco,9/29/2014,N/A,N/A - Ainda empregado,Ativo,Produção,David Stanley,14,LinkedIn,Atende totalmente,340,Satisfeito ,0,2/21/2019,0,14
"Woodson, Jason",10135,0,0,1,1,5,3,0," $65.893,00 ",0,20,Técnico de Produção II,MA,1810,05/11/85,H ,Solteiro,Cidadão americano,Não,Branco,7/7/2014,N/A,N/A - Ainda empregado,Ativo,Produção,Kissy Sullivan,20,LinkedIn,Atende totalmente,407,Satisfeito ,0,2/28/2019,0,13
"Ybarra, Catherine ",10301,0,0,0,5,5,1,0," $48.513,00 ",1,19,Técnico de Produção I,MA,2458,05/04/82,M,Solteiro,Cidadão americano,Não,Asiático,9/2/2008,9/29/2015,Outra posição,Rescindido voluntariamente,Produção,Brannon Miller,12,Pesquisa Google,PMD,320,Insatisfeito,0,9/2/2015,5,4
"Zamora, Jennifer",10010,0,0,0,1,3,4,0," $220.450,00 ",0,6,Diretor de Tecnologia,MA,2067,08/30/79,M,Solteiro,Cidadão americano,Não,Branco,4/10/2010,N/A,N/A - Ainda empregado,Ativo,T.I,Janet King,2,Indicação de funcionários,Excede,460,Muito Satisfeito ,6,2/21/2019,0,16
"Zhou, Julia",10043,0,0,0,1,3,3,0," $89.292,00 ",0,9,Analista de Dados,MA,2148,02/24/79,M,Solteiro,Cidadão americano,Não,Branco,3/30/2015,N/A,N/A - Ainda empregado,Ativo,T.I,Simon Roup,4,Indicação de funcionários,Atende totalmente,500,Neutro ,5,2/1/2019,0,11
"Zima, Colleen",10271,0,4,0,1,5,3,0," $45.046,00 ",0,19,Técnico de Produção I,MA,1730,08/17/78,M,Viúva,Cidadão americano,Não,Asiático,9/29/2014,N/A,N/A - Ainda empregado,Ativo,Produção,David Stanley,14,LinkedIn,Atende totalmente,450,Muito Satisfeito ,0,1/30/2019,0,2
